"Jurisdiction"	"2010"	"2011"	"2012"	"2013"	"2014"	"2015"	"2016"	"2017"	"2018"	"2019"	"2020"	"2021"	"2022"	"2023"	"2024"	"2025"	"2026"	"2027"	"2028"	"2029"	"2030"	"2031"	"2032"	"2033"	"2034"	"2035"	"2036"	"2037"	"2038"	"2039"	"2040"
"Bellevue "	122352	123728	125103	126475	127843	129208	130569	131926	133281	134632	135981	137328	138672	140015	141356	142696	144034	145372	146709	148045	149382	150718	152055	153392	154729	156067	157405	158742	160080	161418	162757
"Seattle"	608656	614663	620653	626610	632519	638380	644197	649971	655705	661402	667066	672698	678302	683880	689434	694969	700486	705989	711479	716961	722436	727907	733377	738846	744315	749783	755250	760718	766184	771651	777118
"Auburn"	45234	45642	46066	46520	47017	47557	48135	48748	49392	50063	50757	51471	52200	52941	53689	54442	55195	55945	56686	57417	58133	58829	59504	60159	60795	61417	62026	62625	63216	63803	64386
"Bothell"	17090	17218	17353	17501	17668	17853	18054	18271	18502	18744	18996	19257	19525	19799	20076	20355	20635	20914	21190	21462	21728	21986	22235	22477	22711	22939	23162	23380	23596	23810	24023
"Burien "	33362	33346	33347	33380	33458	33581	33746	33949	34186	34454	34749	35069	35408	35765	36135	36515	36902	37291	37680	38065	38442	38808	39160	39499	39827	40144	40454	40758	41056	41351	41645
"Federal Way "	89306	89423	89575	89797	90117	90533	91037	91620	92275	92992	93763	94579	95432	96313	97214	98127	99043	99952	100848	101721	102563	103365	104121	104835	105510	106154	106771	107367	107946	108515	109078
"Kent "	92699	93065	93444	93851	94296	94779	95297	95849	96430	97039	97672	98327	99002	99694	100399	101116	101841	102572	103307	104041	104774	105502	106223	106937	107645	108348	109047	109743	110436	111128	111818
"Kirkland"	48949	49155	49372	49613	49887	50193	50529	50893	51282	51692	52122	52569	53030	53503	53985	54473	54966	55459	55951	56438	56919	57391	57851	58301	58741	59174	59600	60020	60437	60851	61263
"Redmond "	54060	54451	54885	55402	56037	56787	57643	58595	59631	60742	61918	63149	64424	65732	67065	68411	69760	71102	72427	73725	74985	76197	77354	78460	79520	80542	81531	82494	83439	84370	85295
"Renton"	67448	68514	69576	70627	71664	72686	73695	74692	75676	76650	77613	78568	79514	80453	81385	82311	83233	84150	85065	85977	86889	87799	88710	89621	90533	91445	92357	93269	94182	95094	96007
"SeaTac "	26945	26999	27089	27254	27522	27892	28354	28900	29521	30206	30948	31736	32562	33417	34291	35175	36060	36936	37796	38629	39426	40178	40879	41531	42142	42716	43261	43781	44284	44774	45259
"Tukwila"	19091	19125	19187	19304	19499	19771	20113	20517	20978	21488	22041	22629	23246	23886	24540	25203	25867	26526	27173	27801	28403	28972	29504	30001	30467	30907	31325	31725	32112	32490	32864
"Des Moines "	29672	29642	29626	29636	29683	29768	29887	30040	30224	30436	30675	30937	31222	31527	31849	32186	32537	32899	33269	33646	34027	34411	34795	35178	35562	35946	36329	36713	37096	37480	37863
"Issaquah"	30415	31026	31600	32101	32501	32804	33022	33167	33251	33285	33282	33254	33213	33171	33140	33131	33157	33230	33362	33565	33851	34231	34714	35292	35954	36686	37478	38317	39192	40091	41001
"Kenmore "	20460	20668	20881	21108	21352	21615	21894	22189	22500	22824	23161	23510	23870	24240	24619	25005	25398	25798	26201	26609	27019	27432	27844	28258	28672	29087	29502	29917	30333	30748	31164
"Maple Valley"	20702	21059	21397	21694	21936	22124	22264	22362	22422	22452	22457	22443	22415	22379	22342	22308	22283	22274	22286	22325	22397	22507	22659	22851	23077	23333	23613	23913	24227	24552	24881
"Mercer Island "	22699	22699	22704	22720	22751	22796	22855	22928	23013	23109	23216	23332	23457	23590	23730	23876	24028	24183	24343	24504	24668	24832	24997	25161	25326	25490	25655	25819	25984	26148	26313
"Sammamish "	46220	46624	47003	47329	47583	47769	47895	47970	48004	48004	47982	47944	47901	47861	47834	47828	47853	47917	48030	48201	48438	48751	49145	49615	50150	50742	51381	52058	52763	53486	54220
"Shoreline "	53046	53237	53436	53648	53880	54132	54403	54691	54996	55316	55650	55997	56355	56725	57103	57490	57883	58283	58687	59095	59505	59916	60328	60739	61150	61562	61973	62384	62796	63207	63618
"Woodinville "	10938	10964	11001	11061	11152	11275	11428	11609	11817	12048	12302	12577	12870	13180	13505	13844	14193	14552	14918	15290	15666	16043	16421	16799	17177	17555	17932	18310	18688	19066	19444
"Algona "	3014	3019	3025	3032	3041	3052	3065	3080	3096	3113	3131	3150	3170	3190	3211	3231	3252	3272	3292	3311	3329	3346	3362	3377	3391	3404	3416	3428	3440	3451	3462
"Beaux Arts "	299	301	303	305	307	308	309	310	311	312	312	312	313	313	313	313	313	312	312	312	312	312	312	312	312	312	312	312	312	313	313
"Black Diamond"	4151	4140	4141	4168	4230	4327	4454	4609	4789	4989	5207	5438	5680	5929	6182	6435	6684	6927	7160	7379	7581	7763	7922	8060	8179	8283	8373	8452	8524	8590	8654
"Carnation"	1777	1786	1796	1808	1822	1839	1859	1880	1903	1927	1952	1979	2006	2033	2061	2089	2116	2142	2168	2192	2215	2236	2256	2273	2289	2304	2318	2330	2343	2354	2366
"Clyde Hill "	2984	2987	2990	2992	2994	2996	2997	2998	2998	2999	2999	2999	2998	2998	2997	2996	2996	2995	2994	2993	2993	2992	2992	2991	2991	2991	2991	2991	2991	2991	2991
"Covington "	17565	17770	17970	18160	18336	18499	18648	18785	18911	19026	19131	19227	19315	19396	19470	19538	19602	19661	19718	19772	19824	19875	19927	19979	20030	20082	20134	20185	20237	20289	20341
"Duvall"	6670	6789	6907	7020	7127	7229	7324	7415	7501	7582	7658	7731	7801	7867	7931	7992	8051	8108	8164	8218	8272	8326	8379	8433	8486	8540	8593	8647	8700	8753	8807
"Enumclaw"	10676	10670	10668	10675	10693	10723	10763	10812	10869	10934	11004	11080	11159	11241	11325	11410	11494	11576	11656	11733	11804	11870	11929	11982	12030	12073	12113	12149	12183	12215	12247
"Hunts Point "	394	394	395	395	396	397	398	399	400	402	403	405	406	408	410	411	413	414	416	417	418	419	420	420	421	421	421	421	421	421	421
"Lake Forest Park "	12559	12604	12648	12690	12728	12764	12796	12825	12851	12875	12897	12917	12934	12950	12964	12977	12989	13000	13010	13020	13029	13038	13047	13056	13065	13074	13083	13091	13100	13109	13118
"Medina "	2969	2981	2992	3002	3011	3019	3026	3032	3037	3041	3043	3045	3045	3045	3043	3040	3036	3031	3025	3018	3010	3001	2991	2980	2968	2956	2942	2929	2915	2901	2887
"Milton "	831	834	836	838	839	840	841	841	841	840	839	839	838	837	836	835	835	835	835	835	836	838	840	843	846	850	854	858	863	867	872
"Newcastle "	10380	10464	10546	10627	10705	10779	10851	10920	10987	11051	11113	11174	11232	11289	11344	11399	11452	11504	11556	11607	11658	11708	11759	11810	11860	11911	11961	12012	12063	12113	12164
"Normandy Park "	6336	6339	6343	6347	6352	6357	6364	6371	6378	6385	6393	6401	6410	6418	6426	6434	6442	6449	6456	6462	6468	6473	6477	6481	6484	6486	6488	6490	6491	6492	6493
"North Bend"	4855	4925	4993	5056	5111	5160	5201	5237	5267	5293	5313	5331	5344	5356	5365	5372	5379	5385	5391	5398	5407	5417	5429	5444	5461	5479	5498	5519	5540	5562	5584
"Pacific "	6513	6578	6640	6693	6735	6767	6789	6802	6808	6808	6802	6792	6779	6764	6748	6732	6717	6705	6696	6692	6694	6702	6717	6740	6769	6803	6841	6883	6927	6973	7020
"Skykomish"	198	200	202	204	206	207	208	209	210	211	212	212	212	213	213	213	213	213	213	213	213	213	213	213	213	213	213	214	214	214	214
"Snoqualmie"	10638	10969	11286	11575	11824	12033	12205	12344	12453	12536	12594	12632	12653	12660	12656	12643	12627	12609	12593	12582	12579	12587	12609	12645	12691	12747	12812	12883	12958	13037	13118
"Yarrow Point "	1001	1002	1003	1004	1005	1006	1008	1009	1010	1011	1012	1013	1014	1014	1014	1014	1013	1012	1011	1009	1006	1003	999	995	990	985	980	974	968	962	955
"Auburn PAA"	17821	17934	18059	18206	18385	18595	18832	19092	19370	19664	19970	20283	20600	20917	21230	21536	21830	22108	22368	22604	22814	22993	23139	23254	23343	23408	23455	23486	23505	23517	23525
"Bear Creek UPD"	7572	7910	8231	8519	8761	8957	9111	9225	9304	9349	9366	9356	9324	9272	9204	9124	9034	8939	8841	8743	8650	8564	8488	8421	8363	8311	8266	8226	8189	8154	8121
"Bellevue PAA"	5549	5601	5651	5699	5743	5784	5821	5855	5885	5913	5938	5960	5981	5999	6015	6030	6042	6054	6065	6074	6083	6091	6099	6107	6114	6121	6128	6135	6141	6148	6154
"Black Diamond PAA"	316	313	311	311	313	317	322	330	339	349	360	372	385	397	410	423	436	448	459	469	478	486	492	497	500	502	504	504	504	504	504
"Bothell PAA"	6339	6398	6461	6531	6612	6703	6802	6909	7022	7139	7260	7383	7507	7630	7751	7869	7983	8090	8191	8283	8365	8436	8495	8543	8581	8611	8634	8652	8665	8676	8685
"Covington PAA"	0	0	0	0	0	1	1	1	2	3	3	4	5	6	6	7	8	9	9	10	11	11	11	12	12	12	12	12	12	12	12
"Federal Way PAA"	20925	21105	21290	21482	21686	21899	22122	22351	22584	22821	23058	23295	23530	23760	23983	24199	24404	24598	24778	24943	25091	25219	25327	25416	25489	25548	25596	25634	25665	25691	25716
"Issaquah PAA"	10923	11003	11080	11148	11205	11250	11285	11311	11328	11337	11339	11335	11326	11312	11296	11277	11256	11235	11213	11193	11175	11160	11148	11140	11134	11131	11130	11131	11133	11136	11139
"Kent PAA"	26358	26632	26900	27154	27390	27606	27805	27987	28153	28303	28440	28563	28674	28775	28864	28945	29017	29082	29141	29194	29243	29288	29331	29372	29410	29447	29483	29518	29551	29584	29617
"Kirkland PAA"	31654	31858	32061	32265	32468	32671	32872	33070	33266	33458	33645	33828	34005	34175	34337	34492	34639	34775	34902	35018	35123	35215	35295	35363	35421	35471	35514	35550	35583	35612	35641
"Maple Valley PAA "	1984	1963	1950	1952	1976	2022	2087	2169	2266	2375	2495	2622	2755	2891	3029	3165	3298	3426	3546	3656	3753	3836	3903	3955	3994	4022	4040	4051	4056	4058	4058
"Milton PAA"	1069	1077	1087	1100	1117	1138	1162	1189	1219	1251	1284	1318	1354	1389	1424	1459	1492	1524	1554	1581	1605	1625	1642	1655	1665	1673	1678	1682	1684	1686	1687
"Newcastle PAA"	6	6	6	6	6	6	6	6	6	6	6	6	6	6	6	6	6	6	6	6	6	6	6	6	6	6	6	6	6	6	6
"North Highline"	32049	32402	32746	33072	33373	33649	33900	34129	34337	34525	34694	34846	34982	35104	35212	35309	35395	35472	35542	35605	35663	35718	35770	35820	35869	35916	35962	36007	36051	36094	36138
"Pacific PAA"	738	757	777	795	812	829	844	858	872	884	896	906	916	925	934	942	949	955	961	966	971	975	979	982	986	988	991	993	995	997	999
"Redmond PAA"	2971	3004	3039	3080	3128	3184	3245	3312	3384	3459	3536	3615	3695	3775	3853	3930	4004	4074	4139	4198	4251	4297	4334	4364	4388	4405	4419	4428	4435	4439	4443
"Renton PAA"	69784	70302	70822	71346	71875	72407	72940	73472	73999	74520	75031	75531	76016	76485	76935	77363	77768	78145	78493	78810	79093	79339	79547	79721	79864	79981	80076	80154	80219	80275	80327
"Sammamish PAA"	812	858	903	946	987	1027	1064	1099	1132	1163	1192	1219	1245	1269	1291	1311	1330	1347	1363	1378	1391	1402	1413	1422	1430	1437	1444	1450	1456	1461	1466
"Seattle PAA"	203	204	205	206	207	208	209	211	212	213	214	215	217	218	219	220	221	222	223	224	224	225	226	226	226	226	227	227	227	227	227
"Tukwila PAA"	45	43	43	47	55	68	85	106	129	156	184	214	246	278	310	341	372	401	429	454	476	495	511	522	531	538	542	544	545	545	545
"UU"	9380	9523	9668	9817	9970	10127	10288	10450	10614	10777	10940	11100	11258	11411	11559	11701	11836	11963	12080	12187	12283	12367	12438	12497	12546	12585	12618	12644	12666	12685	12703
"Rural "	121597	123135	124619	125996	127222	128299	129241	130058	130765	131373	131895	132345	132734	133075	133381	133665	133939	134215	134507	134827	135188	135602	136079	136615	137201	137832	138499	139196	139915	140648	141389
"Bremerton"	37417	37348	37330	37414	37642	38015	38525	39164	39924	40796	41773	42846	44008	45249	46563	47940	49373	50858	52392	53969	55588	57244	58932	60651	62395	64162	65947	67747	69559	71377	73199
"Silverdale"	19251	19383	19541	19751	20035	20390	20811	21292	21824	22403	23021	23671	24348	25045	25754	26471	27188	27905	28623	29340	30057	30775	31492	32209	32927	33644	34361	35079	35796	36514	37231
"Bainbridge Island"	23025	23058	23108	23190	23318	23491	23708	23964	24258	24587	24947	25336	25751	26190	26648	27124	27616	28120	28638	29167	29707	30257	30816	31382	31955	32535	33119	33706	34297	34890	35484
"Port Orchard"	8552	8558	8572	8604	8660	8739	8839	8959	9096	9248	9413	9589	9773	9964	10159	10356	10554	10751	10949	11146	11344	11542	11739	11937	12134	12332	12530	12727	12925	13122	13320
"Poulsbo"	8471	8594	8716	8834	8948	9058	9166	9272	9378	9485	9593	9703	9818	9938	10063	10196	10336	10485	10640	10801	10969	11142	11320	11502	11688	11878	12070	12264	12460	12657	12854
"Bremerton East UGA"	4489	4448	4419	4414	4441	4500	4585	4693	4820	4961	5112	5268	5426	5582	5731	5868	5991	6100	6196	6279	6351	6413	6466	6511	6548	6579	6606	6628	6647	6664	6680
"Bremerton West UGA"	4417	4589	4761	4931	5100	5266	5430	5591	5748	5902	6052	6197	6338	6473	6602	6726	6843	6955	7060	7161	7257	7349	7437	7521	7603	7682	7759	7834	7908	7981	8054
"Central Kitsap UGA"	24230	24295	24383	24513	24704	24951	25247	25583	25951	26343	26751	27166	27580	27985	28372	28734	29064	29362	29631	29873	30090	30284	30458	30614	30754	30881	30996	31102	31201	31296	31389
"Gorst UGA"	222	224	227	231	238	247	258	271	285	300	316	332	348	364	379	393	406	417	428	437	445	452	459	465	470	475	479	483	486	489	493
"Kingston UGA"	2201	2212	2231	2264	2318	2391	2481	2585	2700	2823	2951	3083	3214	3342	3465	3579	3683	3776	3860	3934	4001	4059	4112	4158	4199	4235	4268	4298	4325	4351	4376
"Port Orchard UGA"	18213	18177	18159	18175	18239	18350	18499	18682	18892	19122	19367	19619	19873	20123	20361	20582	20781	20958	21115	21252	21372	21477	21567	21645	21711	21769	21818	21861	21899	21935	21968
"Poulsbo PUTA"	1231	1228	1234	1262	1318	1401	1508	1634	1775	1929	2091	2257	2424	2587	2743	2889	3021	3138	3244	3337	3420	3493	3557	3614	3663	3707	3746	3781	3813	3843	3872
"SKIA"	260	263	267	271	276	283	290	297	306	314	323	332	341	350	358	365	372	379	385	390	394	399	403	406	409	412	415	417	419	422	424
"ULID6"	2612	2571	2587	2718	3007	3446	4015	4691	5456	6286	7162	8063	8967	9853	10701	11490	12202	12839	13406	13909	14353	14743	15085	15384	15646	15875	16077	16258	16423	16577	16726
"Rural"	96542	96817	97107	97428	97792	98197	98641	99119	99628	100164	100722	101300	101893	102498	103110	103727	104344	104961	105578	106195	106813	107430	108048	108665	109283	109900	110518	111135	111753	112371	112988
"Tacoma"	198379	198766	199328	200239	201639	203528	205873	208639	211793	215301	219128	223241	227605	232187	236952	241867	246897	252009	257168	262341	267493	272597	277653	282664	287638	292578	297491	302383	307258	312122	316981
"Auburn"	7419	7771	8102	8393	8627	8805	8932	9014	9057	9065	9045	9001	8939	8865	8783	8699	8619	8548	8491	8453	8441	8458	8503	8571	8662	8770	8894	9030	9175	9326	9481
"Lakewood"	58163	58165	58195	58280	58443	58688	59012	59414	59891	60443	61068	61763	62527	63358	64255	65215	66237	67320	68461	69658	70910	72215	73568	74963	76395	77860	79350	80862	82390	83929	85473
"Puyallup"	35286	35497	35727	35995	36315	36692	37124	37611	38153	38750	39401	40106	40865	41678	42544	43463	44435	45459	46535	47663	48843	50073	51349	52666	54019	55403	56813	58243	59688	61144	62605
"Fife"	9030	9080	9124	9157	9174	9176	9166	9147	9122	9094	9065	9039	9017	9004	9002	9014	9042	9089	9159	9254	9377	9529	9710	9914	10141	10385	10646	10918	11200	11487	11778
"University Place"	31144	31209	31283	31378	31501	31656	31845	32068	32327	32625	32963	33342	33764	34230	34743	35304	35914	36575	37289	38057	38881	39761	40693	41672	42690	43743	44825	45930	47052	48185	49325
"Bonney Lake"	17365	17545	17725	17905	18085	18265	18445	18625	18804	18984	19164	19344	19524	19703	19883	20063	20243	20422	20602	20782	20962	21141	21321	21501	21681	21860	22040	22220	22400	22580	22759
"Buckley"	4354	4346	4346	4365	4409	4477	4568	4679	4809	4954	5114	5284	5464	5651	5844	6039	6234	6428	6618	6802	6977	7143	7299	7447	7588	7723	7852	7977	8099	8219	8337
"Carbonado"	610	612	614	617	621	626	633	640	648	657	666	676	686	696	707	718	728	739	749	759	768	777	785	793	800	807	814	820	827	833	839
"DuPont"	8199	8419	8636	8847	9051	9247	9436	9619	9795	9966	10131	10292	10449	10602	10751	10898	11042	11185	11326	11467	11607	11747	11888	12028	12169	12309	12450	12591	12731	12872	13013
"Eatonville"	2736	2757	2777	2797	2817	2836	2854	2872	2890	2908	2925	2942	2959	2975	2992	3008	3024	3041	3057	3073	3090	3106	3123	3140	3156	3173	3190	3208	3225	3242	3259
"Edgewood"	9387	9390	9405	9442	9511	9612	9741	9896	10074	10272	10488	10718	10960	11211	11469	11729	11991	12250	12504	12750	12986	13209	13420	13620	13810	13993	14169	14340	14506	14670	14833
"Fircrest"	6497	6503	6509	6517	6527	6539	6554	6570	6587	6607	6627	6649	6672	6696	6721	6746	6772	6797	6823	6849	6875	6901	6926	6951	6975	7000	7024	7048	7072	7096	7120
"Gig Harbor"	6656	6716	6783	6861	6956	7067	7194	7333	7485	7648	7820	8000	8187	8378	8573	8770	8968	9166	9361	9552	9739	9920	10094	10264	10430	10591	10749	10905	11059	11211	11363
"Milton"	6137	6163	6188	6210	6228	6243	6254	6261	6266	6268	6268	6267	6263	6258	6252	6246	6239	6232	6225	6219	6214	6210	6207	6205	6203	6203	6203	6203	6204	6205	6206
"Orting"	6746	6717	6694	6680	6680	6694	6720	6758	6806	6864	6929	7002	7081	7165	7252	7342	7433	7525	7616	7706	7792	7875	7954	8030	8103	8174	8242	8309	8375	8440	8505
"Pacific"	92	92	93	93	93	94	94	95	96	96	97	98	98	99	100	100	101	101	102	103	103	103	104	104	104	105	105	105	105	106	106
"Roy"	793	797	801	807	814	822	832	843	855	868	881	895	909	924	939	954	969	983	998	1011	1024	1036	1047	1058	1068	1078	1087	1096	1105	1113	1121
"Ruston"	749	766	783	802	823	847	873	900	930	961	993	1026	1059	1094	1129	1164	1199	1234	1268	1302	1334	1366	1397	1427	1456	1485	1513	1541	1568	1595	1622
"South Prairie"	434	434	435	438	443	450	460	471	484	499	514	531	549	567	586	605	624	643	662	680	697	714	729	744	758	772	785	798	810	822	834
"Steilacoom"	5985	6033	6081	6127	6171	6214	6255	6294	6332	6368	6403	6437	6470	6501	6533	6563	6593	6622	6651	6680	6709	6738	6766	6795	6824	6853	6882	6911	6939	6968	6997
"Sumner"	9451	9465	9484	9515	9562	9625	9702	9792	9894	10007	10129	10258	10394	10535	10680	10827	10976	11124	11270	11414	11553	11687	11816	11940	12060	12177	12291	12403	12513	12623	12731
"Wilkeson"	477	478	479	480	482	484	487	491	494	499	503	508	513	518	523	529	534	539	545	550	555	560	565	569	574	578	582	586	591	595	599
"UU"	193516	196028	198542	201060	203582	206102	208614	211109	213581	216023	218426	220784	223090	225336	227515	229620	231643	233577	235415	237150	238774	240283	241686	242995	244221	245377	246473	247522	248536	249527	250505
"JBLM"	16721	17957	19117	20123	20915	21496	21885	22100	22161	22085	21892	21601	21229	20797	20323	19825	19323	18835	18379	17976	17643	17394	17226	17129	17094	17114	17177	17277	17403	17547	17700
"Rural"	158899	159722	160546	161374	162206	163041	163875	164706	165531	166347	167153	167944	168719	169474	170207	170915	171596	172246	172864	173446	173989	174492	174958	175391	175796	176176	176535	176878	177208	177530	177848
"Everett"	103019	103560	104195	105019	106109	107469	109085	110945	113033	115338	117844	120539	123409	126440	129619	132931	136365	139905	143539	147252	151031	154863	158734	162630	166537	170443	174336	178217	182088	185954	189816
"Bothell"	16415	16765	17114	17462	17807	18150	18490	18828	19164	19497	19829	20160	20488	20815	21141	21465	21789	22111	22433	22753	23073	23393	23712	24031	24350	24669	24988	25307	25626	25946	26265
"Lynnwood"	35836	35792	35784	35848	36014	36282	36649	37108	37655	38284	38991	39770	40616	41524	42489	43505	44568	45672	46812	47983	49180	50397	51631	52874	54123	55372	56617	57858	59096	60331	61566
"Arlington"	17926	17915	17916	17941	18001	18096	18224	18383	18572	18789	19032	19299	19589	19898	20227	20573	20934	21308	21693	22089	22492	22901	23315	23731	24148	24564	24977	25388	25797	26205	26613
"Edmonds"	39709	39767	39834	39918	40026	40158	40313	40489	40687	40904	41139	41391	41658	41941	42236	42544	42863	43191	43527	43871	44221	44576	44934	45295	45657	46019	46380	46739	47098	47457	47815
"Lake Stevens"	15991	15724	15479	15279	15143	15071	15059	15104	15202	15350	15544	15780	16054	16364	16705	17073	17466	17879	18308	18751	19203	19661	20121	20580	21033	21478	21911	22335	22750	23161	23570
"Marysville"	39922	40107	40320	40593	40948	41387	41906	42501	43166	43900	44696	45551	46461	47421	48428	49477	50564	51685	52835	54012	55209	56424	57651	58888	60129	61371	62610	63845	65079	66311	67543
"Mill Creek"	18244	18152	18067	17996	17944	17912	17899	17903	17923	17958	18007	18069	18143	18228	18322	18425	18534	18650	18771	18896	19024	19154	19283	19413	19540	19665	19786	19904	20020	20134	20247
"Monroe"	17304	17242	17193	17169	17180	17226	17305	17415	17554	17720	17910	18122	18354	18604	18869	19148	19439	19738	20045	20356	20669	20984	21296	21604	21906	22200	22484	22759	23029	23294	23556
"Mountlake Terrace"	19909	19991	20079	20178	20293	20424	20570	20731	20905	21092	21292	21502	21723	21954	22193	22441	22695	22956	23222	23494	23769	24047	24328	24610	24893	25175	25457	25739	26019	26300	26580
"Mukilteo"	20254	20303	20353	20404	20458	20513	20571	20631	20693	20757	20822	20889	20958	21028	21099	21171	21244	21319	21394	21469	21545	21622	21699	21776	21854	21931	22008	22085	22163	22240	22317
"Brier "	6087	6085	6085	6088	6097	6111	6130	6153	6182	6214	6250	6291	6334	6381	6431	6483	6538	6595	6653	6714	6775	6838	6901	6965	7030	7094	7158	7222	7285	7349	7412
"Darrington "	1347	1354	1362	1370	1380	1391	1403	1417	1432	1448	1465	1483	1502	1521	1542	1563	1584	1607	1629	1652	1676	1700	1724	1748	1772	1796	1820	1844	1869	1893	1917
"Gold Bar "	2075	2107	2138	2167	2194	2220	2243	2265	2285	2303	2320	2336	2350	2363	2375	2387	2397	2407	2416	2425	2433	2441	2449	2457	2465	2474	2482	2491	2500	2509	2519
"Granite Falls "	3364	3293	3233	3194	3184	3205	3254	3330	3431	3557	3704	3872	4060	4264	4485	4721	4969	5229	5499	5777	6061	6351	6644	6939	7235	7530	7822	8113	8401	8689	8976
"Index "	178	178	179	179	180	180	181	183	184	186	187	189	191	193	195	197	200	202	205	207	210	212	215	218	220	223	226	228	231	234	236
"Snohomish "	9098	9094	9097	9112	9144	9194	9261	9343	9441	9552	9677	9814	9963	10122	10290	10468	10653	10846	11044	11248	11456	11667	11881	12097	12314	12530	12746	12961	13175	13389	13603
"Stanwood "	6231	6220	6217	6229	6262	6316	6391	6485	6597	6727	6872	7033	7207	7395	7594	7804	8023	8251	8487	8729	8976	9228	9482	9739	9997	10255	10512	10768	11024	11279	11534
"Sultan "	4651	4644	4642	4651	4675	4715	4769	4837	4918	5012	5117	5233	5359	5494	5637	5788	5946	6110	6280	6453	6631	6812	6994	7178	7363	7548	7731	7914	8097	8279	8461
"Woodway "	1307	1313	1320	1326	1332	1337	1342	1347	1352	1356	1360	1364	1367	1371	1374	1377	1380	1383	1386	1388	1391	1393	1396	1399	1401	1404	1407	1409	1412	1415	1418
"Arlington UGA"	563	712	856	992	1116	1228	1330	1420	1501	1573	1637	1693	1743	1787	1825	1859	1888	1915	1940	1963	1985	2007	2029	2053	2079	2108	2140	2174	2211	2250	2289
"Bothell MUGA"	22797	23416	24022	24599	25137	25635	26096	26522	26916	27279	27614	27924	28210	28475	28722	28952	29169	29373	29569	29758	29942	30124	30306	30491	30680	30877	31082	31295	31514	31736	31961
"Brier MUGA"	2097	2096	2096	2097	2099	2103	2107	2113	2121	2129	2138	2148	2158	2170	2182	2194	2207	2221	2234	2248	2262	2277	2291	2304	2318	2332	2345	2357	2370	2382	2395
"Darrington UGA UGA"	75	74	75	76	79	85	92	101	111	123	136	150	166	183	200	218	237	257	277	297	318	339	360	380	401	421	441	460	479	498	517
"Edmonds MUGA"	3605	3608	3611	3616	3623	3632	3642	3655	3669	3684	3701	3720	3739	3760	3782	3804	3828	3852	3876	3901	3927	3952	3978	4004	4030	4055	4081	4106	4131	4155	4180
"Everett MUGA"	41570	42018	42459	42883	43285	43663	44020	44356	44672	44970	45251	45515	45765	46001	46224	46436	46638	46830	47015	47192	47364	47531	47695	47857	48018	48179	48341	48504	48668	48832	48996
"Gold Bar UGA"	848	820	794	771	752	738	727	721	717	717	720	725	733	742	753	766	780	794	810	825	840	855	869	883	895	905	914	921	928	933	938
"Granite Falls UGA"	147	174	202	231	261	292	324	357	391	425	461	498	535	573	611	650	690	730	770	811	852	893	934	976	1017	1059	1100	1141	1182	1224	1265
"Lake Stevens UGA"	16905	17540	18164	18767	19339	19880	20392	20877	21335	21769	22181	22571	22942	23295	23632	23955	24265	24563	24852	25133	25407	25677	25944	26210	26475	26743	27014	27287	27563	27840	28118
"Lake Stickney Gap"	7097	7210	7323	7436	7550	7664	7779	7894	8009	8125	8241	8358	8475	8592	8709	8827	8945	9063	9181	9299	9417	9536	9654	9773	9892	10010	10129	10247	10366	10484	10603
"Larch Way Overlap"	3314	3358	3403	3450	3501	3556	3614	3676	3740	3808	3878	3951	4026	4104	4183	4264	4347	4432	4517	4604	4692	4780	4869	4959	5048	5138	5227	5317	5406	5495	5584
"Lynnwood MUGA"	24456	24908	25359	25810	26260	26710	27160	27609	28057	28505	28953	29400	29848	30295	30742	31189	31636	32083	32531	32978	33425	33873	34321	34770	35219	35668	36118	36568	37019	37470	37921
"Maltby UGA"	132	132	132	132	132	132	132	132	132	132	132	132	132	132	132	132	132	132	132	132	132	132	132	132	132	132	132	132	132	132	132
"Marysville UGA"	20261	20608	20956	21303	21650	21998	22346	22693	23041	23389	23736	24084	24432	24780	25128	25475	25823	26171	26519	26867	27214	27562	27910	28257	28605	28952	29299	29647	29994	30341	30688
"Meadowdale Gap"	2695	2677	2661	2651	2648	2651	2662	2678	2700	2728	2760	2797	2837	2881	2927	2976	3027	3079	3132	3186	3240	3293	3346	3397	3446	3493	3537	3579	3619	3659	3697
"Mill Creek MUGA"	36007	36987	37949	38875	39750	40575	41350	42080	42767	43414	44024	44599	45143	45657	46146	46611	47056	47483	47895	48295	48685	49069	49450	49829	50210	50596	50988	51387	51790	52196	52603
"Monroe UGA"	1477	1486	1497	1513	1536	1567	1604	1647	1697	1751	1811	1875	1943	2015	2090	2168	2248	2330	2414	2498	2583	2668	2753	2837	2920	3001	3080	3158	3234	3309	3384
"Mountlake Terrace MUGA"	20	19	19	18	18	17	17	17	18	18	18	19	20	20	21	22	23	24	25	26	27	28	29	29	30	31	32	32	33	33	34
"Mukilteo MUGA"	12214	12195	12181	12180	12195	12228	12276	12339	12415	12505	12606	12718	12840	12970	13108	13252	13402	13556	13714	13875	14036	14198	14360	14519	14676	14830	14978	15123	15265	15405	15544
"Paine Field"	0	0	0	0	0	0	0	0	0	0	0	0	0	0	0	0	0	0	0	0	0	0	0	0	0	0	0	0	0	0	0
"Silver Firs Gap"	15368	15497	15626	15752	15876	15997	16116	16232	16346	16458	16568	16676	16782	16886	16990	17091	17192	17292	17390	17488	17585	17682	17778	17874	17970	18066	18162	18258	18354	18450	18547
"Snohomish UGA"	1358	1383	1408	1435	1464	1494	1526	1560	1595	1632	1670	1709	1749	1790	1833	1876	1919	1963	2008	2053	2098	2144	2189	2235	2280	2325	2370	2414	2458	2502	2546
"Stanwood UGA"	133	171	209	248	288	329	370	413	456	500	545	590	637	683	730	778	826	874	923	972	1021	1070	1120	1169	1219	1268	1318	1367	1417	1466	1515
"Sultan UGA"	315	316	319	325	335	349	366	388	413	440	471	504	540	577	617	658	700	744	788	833	879	924	970	1014	1059	1102	1144	1186	1226	1266	1306
"Woodway MUGA"	0	-9	-11	0	29	77	142	223	319	429	552	687	833	988	1152	1323	1501	1683	1870	2060	2251	2443	2635	2825	3013	3197	3377	3553	3726	3897	4067
"Rural"	121014	121776	122518	123219	123864	124461	125019	125552	126070	126586	127111	127656	128235	128857	129535	130281	131106	132023	133041	134174	135433	136830	138376	140083	141963	144028	146280	148689	151215	153821	156465
