city_id,home_based_status,sector_id,total_number_of_jobs,year
-1,1,1,806,2000
-1,1,1,799,2001
-1,1,1,744,2002
-1,1,1,702,2003
-1,1,1,718,2004
-1,1,1,706,2005
-1,1,1,671,2006
-1,1,1,662,2007
-1,1,1,631,2008
-1,1,1,575,2009
-1,1,1,567,2010
-1,1,1,513,2011
-1,1,1,535,2012
-1,1,1,476,2013
-1,1,1,478,2014
-1,1,1,438,2016
-1,1,1,399,2017
-1,1,1,399,2018
-1,1,1,359,2019
-1,1,1,319,2021
-1,1,1,319,2022
-1,1,1,319,2023
-1,1,1,319,2024
-1,1,1,279,2026
-1,1,1,279,2027
-1,1,1,279,2028
-1,1,1,279,2029
-1,1,1,279,2031
-1,1,1,279,2032
-1,1,1,279,2033
-1,1,1,239,2034
-1,1,1,239,2036
-1,1,1,239,2037
-1,1,1,239,2038
-1,1,1,239,2039
-1,1,2,4199,2000
-1,1,2,4155,2001
-1,1,2,3846,2002
-1,1,2,3800,2003
-1,1,2,4085,2004
-1,1,2,4339,2005
-1,1,2,4838,2006
-1,1,2,5293,2007
-1,1,2,5344,2008
-1,1,2,4288,2009
-1,1,2,3528,2010
-1,1,2,3347,2011
-1,1,2,3441,2012
-1,1,2,3679,2013
-1,1,2,4350,2014
-1,1,2,4588,2016
-1,1,2,4558,2017
-1,1,2,4497,2018
-1,1,2,4407,2019
-1,1,2,4255,2021
-1,1,2,4203,2022
-1,1,2,4212,2023
-1,1,2,4225,2024
-1,1,2,4212,2026
-1,1,2,4181,2027
-1,1,2,4181,2028
-1,1,2,4207,2029
-1,1,2,4251,2031
-1,1,2,4316,2032
-1,1,2,4398,2033
-1,1,2,4467,2034
-1,1,2,4567,2036
-1,1,2,4645,2037
-1,1,2,4775,2038
-1,1,2,4917,2039
-1,1,3,3245,2000
-1,1,3,3113,2001
-1,1,3,2817,2002
-1,1,3,2459,2003
-1,1,3,2219,2004
-1,1,3,2361,2005
-1,1,3,2581,2006
-1,1,3,2818,2007
-1,1,3,2976,2008
-1,1,3,3009,2009
-1,1,3,2851,2010
-1,1,3,2930,2011
-1,1,3,3327,2012
-1,1,3,3390,2013
-1,1,3,3496,2014
-1,1,3,3464,2016
-1,1,3,3435,2017
-1,1,3,3414,2018
-1,1,3,3388,2019
-1,1,3,3339,2021
-1,1,3,3311,2022
-1,1,3,3293,2023
-1,1,3,3273,2024
-1,1,3,3232,2026
-1,1,3,3204,2027
-1,1,3,3178,2028
-1,1,3,3155,2029
-1,1,3,3118,2031
-1,1,3,3102,2032
-1,1,3,3090,2033
-1,1,3,3078,2034
-1,1,3,3058,2036
-1,1,3,3049,2037
-1,1,3,3038,2038
-1,1,3,3029,2039
-1,1,4,3894,2000
-1,1,4,3590,2001
-1,1,4,3346,2002
-1,1,4,3085,2003
-1,1,4,3087,2004
-1,1,4,2532,2005
-1,1,4,2654,2006
-1,1,4,2624,2007
-1,1,4,2566,2008
-1,1,4,2195,2009
-1,1,4,1982,2010
-1,1,4,2067,2011
-1,1,4,2234,2012
-1,1,4,2186,2013
-1,1,4,2287,2014
-1,1,4,2476,2016
-1,1,4,2473,2017
-1,1,4,2514,2018
-1,1,4,2502,2019
-1,1,4,2511,2021
-1,1,4,2511,2022
-1,1,4,2505,2023
-1,1,4,2489,2024
-1,1,4,2406,2026
-1,1,4,2316,2027
-1,1,4,2243,2028
-1,1,4,2195,2029
-1,1,4,2153,2031
-1,1,4,2169,2032
-1,1,4,2214,2033
-1,1,4,2268,2034
-1,1,4,2374,2036
-1,1,4,2422,2037
-1,1,4,2486,2038
-1,1,4,2562,2039
-1,1,5,852,2000
-1,1,5,774,2001
-1,1,5,714,2002
-1,1,5,708,2003
-1,1,5,702,2004
-1,1,5,1403,2005
-1,1,5,1395,2006
-1,1,5,1401,2007
-1,1,5,1360,2008
-1,1,5,1217,2009
-1,1,5,1150,2010
-1,1,5,1171,2011
-1,1,5,1210,2012
-1,1,5,1189,2013
-1,1,5,1305,2014
-1,1,5,1358,2016
-1,1,5,1369,2017
-1,1,5,1393,2018
-1,1,5,1390,2019
-1,1,5,1401,2021
-1,1,5,1404,2022
-1,1,5,1404,2023
-1,1,5,1393,2024
-1,1,5,1354,2026
-1,1,5,1312,2027
-1,1,5,1287,2028
-1,1,5,1280,2029
-1,1,5,1283,2031
-1,1,5,1301,2032
-1,1,5,1333,2033
-1,1,5,1361,2034
-1,1,5,1408,2036
-1,1,5,1422,2037
-1,1,5,1454,2038
-1,1,5,1497,2039
-1,1,6,6349,2000
-1,1,6,6233,2001
-1,1,6,6120,2002
-1,1,6,6044,2003
-1,1,6,6064,2004
-1,1,6,6232,2005
-1,1,6,6503,2006
-1,1,6,6502,2007
-1,1,6,6588,2008
-1,1,6,6225,2009
-1,1,6,5900,2010
-1,1,6,5991,2011
-1,1,6,6160,2012
-1,1,6,6277,2013
-1,1,6,6543,2014
-1,1,6,6802,2016
-1,1,6,6927,2017
-1,1,6,6982,2018
-1,1,6,7053,2019
-1,1,6,7139,2021
-1,1,6,7194,2022
-1,1,6,7288,2023
-1,1,6,7397,2024
-1,1,6,7625,2026
-1,1,6,7742,2027
-1,1,6,7852,2028
-1,1,6,7962,2029
-1,1,6,8150,2031
-1,1,6,8252,2032
-1,1,6,8353,2033
-1,1,6,8455,2034
-1,1,6,8675,2036
-1,1,6,8792,2037
-1,1,6,8926,2038
-1,1,6,9059,2039
-1,1,7,6441,2000
-1,1,7,6375,2001
-1,1,7,6121,2002
-1,1,7,6090,2003
-1,1,7,6151,2004
-1,1,7,6310,2005
-1,1,7,6355,2006
-1,1,7,6469,2007
-1,1,7,6446,2008
-1,1,7,6010,2009
-1,1,7,5852,2010
-1,1,7,5965,2011
-1,1,7,6275,2012
-1,1,7,6399,2013
-1,1,7,6677,2014
-1,1,7,6961,2016
-1,1,7,7058,2017
-1,1,7,7098,2018
-1,1,7,7162,2019
-1,1,7,7302,2021
-1,1,7,7393,2022
-1,1,7,7526,2023
-1,1,7,7663,2024
-1,1,7,7934,2026
-1,1,7,8061,2027
-1,1,7,8192,2028
-1,1,7,8322,2029
-1,1,7,8586,2031
-1,1,7,8733,2032
-1,1,7,8887,2033
-1,1,7,9044,2034
-1,1,7,9359,2036
-1,1,7,9529,2037
-1,1,7,9713,2038
-1,1,7,9897,2039
-1,1,8,1339,2000
-1,1,8,1335,2001
-1,1,8,1236,2002
-1,1,8,1244,2003
-1,1,8,1257,2004
-1,1,8,1305,2005
-1,1,8,1296,2006
-1,1,8,1332,2007
-1,1,8,1344,2008
-1,1,8,1244,2009
-1,1,8,1163,2010
-1,1,8,1210,2011
-1,1,8,1275,2012
-1,1,8,1279,2013
-1,1,8,1308,2014
-1,1,8,1355,2016
-1,1,8,1357,2017
-1,1,8,1361,2018
-1,1,8,1361,2019
-1,1,8,1359,2021
-1,1,8,1359,2022
-1,1,8,1363,2023
-1,1,8,1367,2024
-1,1,8,1374,2026
-1,1,8,1371,2027
-1,1,8,1369,2028
-1,1,8,1374,2029
-1,1,8,1382,2031
-1,1,8,1390,2032
-1,1,8,1403,2033
-1,1,8,1416,2034
-1,1,8,1443,2036
-1,1,8,1456,2037
-1,1,8,1470,2038
-1,1,8,1492,2039
-1,1,9,49,2000
-1,1,9,44,2001
-1,1,9,42,2002
-1,1,9,39,2003
-1,1,9,36,2004
-1,1,9,34,2005
-1,1,9,37,2006
-1,1,9,38,2007
-1,1,9,42,2008
-1,1,9,45,2009
-1,1,9,45,2010
-1,1,9,45,2011
-1,1,9,53,2012
-1,1,9,45,2013
-1,1,9,50,2014
-1,1,9,50,2016
-1,1,9,50,2017
-1,1,9,50,2018
-1,1,9,50,2019
-1,1,9,50,2021
-1,1,9,50,2022
-1,1,9,50,2023
-1,1,9,50,2024
-1,1,9,50,2026
-1,1,9,52,2027
-1,1,9,52,2028
-1,1,9,52,2029
-1,1,9,50,2031
-1,1,9,50,2032
-1,1,9,50,2033
-1,1,9,50,2034
-1,1,9,48,2036
-1,1,9,48,2037
-1,1,9,48,2038
-1,1,9,48,2039
-1,1,10,2000,2000
-1,1,10,2107,2001
-1,1,10,1967,2002
-1,1,10,1891,2003
-1,1,10,1929,2004
-1,1,10,1788,2005
-1,1,10,1666,2006
-1,1,10,1817,2007
-1,1,10,1749,2008
-1,1,10,1732,2009
-1,1,10,1661,2010
-1,1,10,1604,2011
-1,1,10,1555,2012
-1,1,10,1482,2013
-1,1,10,1503,2014
-1,1,10,1580,2016
-1,1,10,1601,2017
-1,1,10,1616,2018
-1,1,10,1630,2019
-1,1,10,1651,2021
-1,1,10,1665,2022
-1,1,10,1686,2023
-1,1,10,1707,2024
-1,1,10,1735,2026
-1,1,10,1750,2027
-1,1,10,1764,2028
-1,1,10,1778,2029
-1,1,10,1820,2031
-1,1,10,1848,2032
-1,1,10,1877,2033
-1,1,10,1912,2034
-1,1,10,1982,2036
-1,1,10,2025,2037
-1,1,10,2067,2038
-1,1,10,2116,2039
-1,1,11,3991,2000
-1,1,11,4180,2001
-1,1,11,3983,2002
-1,1,11,4034,2003
-1,1,11,4144,2004
-1,1,11,4333,2005
-1,1,11,4609,2006
-1,1,11,4825,2007
-1,1,11,4983,2008
-1,1,11,5109,2009
-1,1,11,4978,2010
-1,1,11,5188,2011
-1,1,11,5470,2012
-1,1,11,5495,2013
-1,1,11,5277,2014
-1,1,11,5757,2016
-1,1,11,5926,2017
-1,1,11,6109,2018
-1,1,11,6272,2019
-1,1,11,6519,2021
-1,1,11,6610,2022
-1,1,11,6709,2023
-1,1,11,6822,2024
-1,1,11,7041,2026
-1,1,11,7125,2027
-1,1,11,7210,2028
-1,1,11,7309,2029
-1,1,11,7542,2031
-1,1,11,7690,2032
-1,1,11,7859,2033
-1,1,11,8050,2034
-1,1,11,8466,2036
-1,1,11,8684,2037
-1,1,11,8924,2038
-1,1,11,9199,2039
-1,1,12,8529,2000
-1,1,12,8421,2001
-1,1,12,8474,2002
-1,1,12,8819,2003
-1,1,12,9003,2004
-1,1,12,8915,2005
-1,1,12,9132,2006
-1,1,12,9068,2007
-1,1,12,8826,2008
-1,1,12,8087,2009
-1,1,12,7410,2010
-1,1,12,7254,2011
-1,1,12,7498,2012
-1,1,12,7697,2013
-1,1,12,8270,2014
-1,1,12,8729,2016
-1,1,12,8867,2017
-1,1,12,8996,2018
-1,1,12,9101,2019
-1,1,12,9238,2021
-1,1,12,9286,2022
-1,1,12,9375,2023
-1,1,12,9488,2024
-1,1,12,9706,2026
-1,1,12,9803,2027
-1,1,12,9907,2028
-1,1,12,10028,2029
-1,1,12,10279,2031
-1,1,12,10424,2032
-1,1,12,10593,2033
-1,1,12,10763,2034
-1,1,12,11093,2036
-1,1,12,11271,2037
-1,1,12,11481,2038
-1,1,12,11707,2039
-1,1,13,22794,2000
-1,1,13,22178,2001
-1,1,13,21195,2002
-1,1,13,21079,2003
-1,1,13,21558,2004
-1,1,13,22284,2005
-1,1,13,23345,2006
-1,1,13,24728,2007
-1,1,13,25457,2008
-1,1,13,24336,2009
-1,1,13,23049,2010
-1,1,13,23412,2011
-1,1,13,25325,2012
-1,1,13,25993,2013
-1,1,13,31261,2014
-1,1,13,34203,2016
-1,1,13,35026,2017
-1,1,13,35894,2018
-1,1,13,36548,2019
-1,1,13,37867,2021
-1,1,13,38464,2022
-1,1,13,39152,2023
-1,1,13,39727,2024
-1,1,13,40866,2026
-1,1,13,41091,2027
-1,1,13,41452,2028
-1,1,13,42061,2029
-1,1,13,43639,2031
-1,1,13,44687,2032
-1,1,13,46040,2033
-1,1,13,47528,2034
-1,1,13,50651,2036
-1,1,13,52082,2037
-1,1,13,53774,2038
-1,1,13,55803,2039
-1,1,14,3335,2000
-1,1,14,3288,2001
-1,1,14,3196,2002
-1,1,14,3246,2003
-1,1,14,3381,2004
-1,1,14,3558,2005
-1,1,14,3728,2006
-1,1,14,3855,2007
-1,1,14,3820,2008
-1,1,14,3548,2009
-1,1,14,3479,2010
-1,1,14,3549,2011
-1,1,14,3881,2012
-1,1,14,4002,2013
-1,1,14,3946,2014
-1,1,14,4210,2016
-1,1,14,4267,2017
-1,1,14,4304,2018
-1,1,14,4339,2019
-1,1,14,4419,2021
-1,1,14,4462,2022
-1,1,14,4534,2023
-1,1,14,4600,2024
-1,1,14,4726,2026
-1,1,14,4766,2027
-1,1,14,4815,2028
-1,1,14,4878,2029
-1,1,14,5027,2031
-1,1,14,5119,2032
-1,1,14,5233,2033
-1,1,14,5359,2034
-1,1,14,5620,2036
-1,1,14,5755,2037
-1,1,14,5919,2038
-1,1,14,6111,2039
-1,1,15,857,2000
-1,1,15,860,2001
-1,1,15,887,2002
-1,1,15,906,2003
-1,1,15,948,2004
-1,1,15,678,2005
-1,1,15,661,2006
-1,1,15,724,2007
-1,1,15,757,2008
-1,1,15,726,2009
-1,1,15,719,2010
-1,1,15,783,2011
-1,1,15,848,2012
-1,1,15,878,2013
-1,1,15,1341,2014
-1,1,15,1427,2016
-1,1,15,1480,2017
-1,1,15,1529,2018
-1,1,15,1570,2019
-1,1,15,1627,2021
-1,1,15,1656,2022
-1,1,15,1697,2023
-1,1,15,1738,2024
-1,1,15,1840,2026
-1,1,15,1889,2027
-1,1,15,1946,2028
-1,1,15,2003,2029
-1,1,15,2130,2031
-1,1,15,2204,2032
-1,1,15,2286,2033
-1,1,15,2375,2034
-1,1,15,2568,2036
-1,1,15,2678,2037
-1,1,15,2805,2038
-1,1,15,2952,2039
-1,1,16,6961,2000
-1,1,16,6914,2001
-1,1,16,7123,2002
-1,1,16,7231,2003
-1,1,16,7346,2004
-1,1,16,7617,2005
-1,1,16,7906,2006
-1,1,16,7922,2007
-1,1,16,8073,2008
-1,1,16,8314,2009
-1,1,16,8242,2010
-1,1,16,8541,2011
-1,1,16,8971,2012
-1,1,16,9114,2013
-1,1,16,9807,2014
-1,1,16,10152,2016
-1,1,16,10261,2017
-1,1,16,10362,2018
-1,1,16,10484,2019
-1,1,16,10745,2021
-1,1,16,10887,2022
-1,1,16,11068,2023
-1,1,16,11241,2024
-1,1,16,11556,2026
-1,1,16,11690,2027
-1,1,16,11821,2028
-1,1,16,11947,2029
-1,1,16,12199,2031
-1,1,16,12329,2032
-1,1,16,12464,2033
-1,1,16,12607,2034
-1,1,16,12935,2036
-1,1,16,13103,2037
-1,1,16,13263,2038
-1,1,16,13405,2039
-1,1,17,8219,2000
-1,1,17,8219,2001
-1,1,17,8052,2002
-1,1,17,8322,2003
-1,1,17,8324,2004
-1,1,17,8497,2005
-1,1,17,8537,2006
-1,1,17,8719,2007
-1,1,17,8862,2008
-1,1,17,8595,2009
-1,1,17,8928,2010
-1,1,17,9247,2011
-1,1,17,9653,2012
-1,1,17,9464,2013
-1,1,17,8960,2014
-1,1,17,9004,2016
-1,1,17,8945,2017
-1,1,17,8870,2018
-1,1,17,8841,2019
-1,1,17,8893,2021
-1,1,17,8960,2022
-1,1,17,9049,2023
-1,1,17,9131,2024
-1,1,17,9265,2026
-1,1,17,9332,2027
-1,1,17,9429,2028
-1,1,17,9548,2029
-1,1,17,9853,2031
-1,1,17,10046,2032
-1,1,17,10269,2033
-1,1,17,10485,2034
-1,1,17,10909,2036
-1,1,17,11133,2037
-1,1,17,11401,2038
-1,1,17,11698,2039
-1,1,18,4567,2000
-1,1,18,4783,2001
-1,1,18,4847,2002
-1,1,18,4895,2003
-1,1,18,4917,2004
-1,1,18,4920,2005
-1,1,18,4939,2006
-1,1,18,4985,2007
-1,1,18,5170,2008
-1,1,18,5242,2009
-1,1,18,5244,2010
-1,1,18,5185,2011
-1,1,18,5215,2012
-1,1,18,5142,2013
-1,1,18,5175,2014
-1,1,18,5298,2016
-1,1,18,5328,2017
-1,1,18,5343,2018
-1,1,18,5350,2019
-1,1,18,5329,2021
-1,1,18,5311,2022
-1,1,18,5311,2023
-1,1,18,5318,2024
-1,1,18,5339,2026
-1,1,18,5342,2027
-1,1,18,5345,2028
-1,1,18,5348,2029
-1,1,18,5357,2031
-1,1,18,5369,2032
-1,1,18,5389,2033
-1,1,18,5413,2034
-1,1,18,5470,2036
-1,1,18,5503,2037
-1,1,18,5549,2038
-1,1,18,5601,2039
-1,1,19,5149,2000
-1,1,19,5114,2001
-1,1,19,5318,2002
-1,1,19,5373,2003
-1,1,19,5390,2004
-1,1,19,5796,2005
-1,1,19,5830,2006
-1,1,19,5808,2007
-1,1,19,6100,2008
-1,1,19,6019,2009
-1,1,19,5931,2010
-1,1,19,5868,2011
-1,1,19,5948,2012
-1,1,19,5549,2013
-1,1,19,5462,2014
-1,1,19,5651,2016
-1,1,19,5700,2017
-1,1,19,5718,2018
-1,1,19,5757,2019
-1,1,19,5819,2021
-1,1,19,5842,2022
-1,1,19,5883,2023
-1,1,19,5926,2024
-1,1,19,6031,2026
-1,1,19,6064,2027
-1,1,19,6097,2028
-1,1,19,6133,2029
-1,1,19,6205,2031
-1,1,19,6243,2032
-1,1,19,6286,2033
-1,1,19,6348,2034
-1,1,19,6438,2036
-1,1,19,6486,2037
-1,1,19,6542,2038
-1,1,19,6602,2039
-1,0,1,7437,2000
-1,0,1,7366,2001
-1,0,1,6863,2002
-1,0,1,6476,2003
-1,0,1,6622,2004
-1,0,1,6507,2005
-1,0,1,6192,2006
-1,0,1,6101,2007
-1,0,1,5820,2008
-1,0,1,5308,2009
-1,0,1,5229,2010
-1,0,1,4736,2011
-1,0,1,4935,2012
-1,0,1,4388,2013
-1,0,1,4412,2014
-1,0,1,4044,2016
-1,0,1,3676,2017
-1,0,1,3676,2018
-1,0,1,3308,2019
-1,0,1,2941,2021
-1,0,1,2941,2022
-1,0,1,2941,2023
-1,0,1,2941,2024
-1,0,1,2573,2026
-1,0,1,2573,2027
-1,0,1,2573,2028
-1,0,1,2573,2029
-1,0,1,2573,2031
-1,0,1,2573,2032
-1,0,1,2573,2033
-1,0,1,2206,2034
-1,0,1,2206,2036
-1,0,1,2206,2037
-1,0,1,2206,2038
-1,0,1,2206,2039
-1,0,2,111632,2000
-1,0,2,110465,2001
-1,0,2,102268,2002
-1,0,2,101037,2003
-1,0,2,108619,2004
-1,0,2,115359,2005
-1,0,2,128640,2006
-1,0,2,140736,2007
-1,0,2,142079,2008
-1,0,2,114009,2009
-1,0,2,93816,2010
-1,0,2,88981,2011
-1,0,2,91488,2012
-1,0,2,97830,2013
-1,0,2,115668,2014
-1,0,2,121998,2016
-1,0,2,121192,2017
-1,0,2,119581,2018
-1,0,2,117163,2019
-1,0,2,113135,2021
-1,0,2,111754,2022
-1,0,2,111984,2023
-1,0,2,112329,2024
-1,0,2,111984,2026
-1,0,2,111179,2027
-1,0,2,111179,2028
-1,0,2,111870,2029
-1,0,2,113020,2031
-1,0,2,114746,2032
-1,0,2,116933,2033
-1,0,2,118775,2034
-1,0,2,121422,2036
-1,0,2,123493,2037
-1,0,2,126946,2038
-1,0,2,130745,2039
-1,0,3,89750,2000
-1,0,3,86119,2001
-1,0,3,77923,2002
-1,0,3,68030,2003
-1,0,3,61385,2004
-1,0,3,65317,2005
-1,0,3,71410,2006
-1,0,3,77955,2007
-1,0,3,82328,2008
-1,0,3,83227,2009
-1,0,3,78857,2010
-1,0,3,81049,2011
-1,0,3,92020,2012
-1,0,3,93784,2013
-1,0,3,96703,2014
-1,0,3,95808,2016
-1,0,3,95012,2017
-1,0,3,94452,2018
-1,0,3,93724,2019
-1,0,3,92378,2021
-1,0,3,91591,2022
-1,0,3,91079,2023
-1,0,3,90538,2024
-1,0,3,89398,2026
-1,0,3,88631,2027
-1,0,3,87913,2028
-1,0,3,87274,2029
-1,0,3,86262,2031
-1,0,3,85819,2032
-1,0,3,85464,2033
-1,0,3,85140,2034
-1,0,3,84579,2036
-1,0,3,84334,2037
-1,0,3,84039,2038
-1,0,3,83783,2039
-1,0,4,107705,2000
-1,0,4,99305,2001
-1,0,4,92546,2002
-1,0,4,85324,2003
-1,0,4,85407,2004
-1,0,4,70045,2005
-1,0,4,73406,2006
-1,0,4,72586,2007
-1,0,4,70990,2008
-1,0,4,60723,2009
-1,0,4,54822,2010
-1,0,4,57172,2011
-1,0,4,61788,2012
-1,0,4,60470,2013
-1,0,4,63273,2014
-1,0,4,68494,2016
-1,0,4,68405,2017
-1,0,4,69556,2018
-1,0,4,69201,2019
-1,0,4,69467,2021
-1,0,4,69467,2022
-1,0,4,69290,2023
-1,0,4,68848,2024
-1,0,4,66547,2026
-1,0,4,64069,2027
-1,0,4,62033,2028
-1,0,4,60706,2029
-1,0,4,59556,2031
-1,0,4,59998,2032
-1,0,4,61237,2033
-1,0,4,62742,2034
-1,0,4,65662,2036
-1,0,4,66989,2037
-1,0,4,68759,2038
-1,0,4,70884,2039
-1,0,5,23571,2000
-1,0,5,21421,2001
-1,0,5,19737,2002
-1,0,5,19590,2003
-1,0,5,19432,2004
-1,0,5,38820,2005
-1,0,5,38584,2006
-1,0,5,38742,2007
-1,0,5,37623,2008
-1,0,5,33672,2009
-1,0,5,31812,2010
-1,0,5,32380,2011
-1,0,5,33469,2012
-1,0,5,32877,2013
-1,0,5,36088,2014
-1,0,5,37563,2016
-1,0,5,37858,2017
-1,0,5,38547,2018
-1,0,5,38448,2019
-1,0,5,38743,2021
-1,0,5,38842,2022
-1,0,5,38842,2023
-1,0,5,38547,2024
-1,0,5,37466,2026
-1,0,5,36285,2027
-1,0,5,35597,2028
-1,0,5,35400,2029
-1,0,5,35499,2031
-1,0,5,35990,2032
-1,0,5,36875,2033
-1,0,5,37662,2034
-1,0,5,38940,2036
-1,0,5,39333,2037
-1,0,5,40218,2038
-1,0,5,41398,2039
-1,0,6,78056,2000
-1,0,6,76625,2001
-1,0,6,75239,2002
-1,0,6,74307,2003
-1,0,6,74554,2004
-1,0,6,76616,2005
-1,0,6,79950,2006
-1,0,6,79940,2007
-1,0,6,80995,2008
-1,0,6,76523,2009
-1,0,6,72537,2010
-1,0,6,73645,2011
-1,0,6,75733,2012
-1,0,6,77161,2013
-1,0,6,80442,2014
-1,0,6,83621,2016
-1,0,6,85163,2017
-1,0,6,85837,2018
-1,0,6,86703,2019
-1,0,6,87763,2021
-1,0,6,88438,2022
-1,0,6,89594,2023
-1,0,6,90943,2024
-1,0,6,93736,2026
-1,0,6,95182,2027
-1,0,6,96530,2028
-1,0,6,97879,2029
-1,0,6,100191,2031
-1,0,6,101443,2032
-1,0,6,102696,2033
-1,0,6,103949,2034
-1,0,6,106645,2036
-1,0,6,108091,2037
-1,0,6,109728,2038
-1,0,6,111366,2039
-1,0,7,194729,2000
-1,0,7,192739,2001
-1,0,7,185072,2002
-1,0,7,184126,2003
-1,0,7,185958,2004
-1,0,7,190783,2005
-1,0,7,192134,2006
-1,0,7,195573,2007
-1,0,7,194886,2008
-1,0,7,181708,2009
-1,0,7,176925,2010
-1,0,7,180353,2011
-1,0,7,189721,2012
-1,0,7,193473,2013
-1,0,7,201880,2014
-1,0,7,210473,2016
-1,0,7,213404,2017
-1,0,7,214618,2018
-1,0,7,216538,2019
-1,0,7,220784,2021
-1,0,7,223513,2022
-1,0,7,227557,2023
-1,0,7,231702,2024
-1,0,7,239890,2026
-1,0,7,243732,2027
-1,0,7,247674,2028
-1,0,7,251617,2029
-1,0,7,259603,2031
-1,0,7,264051,2032
-1,0,7,268701,2033
-1,0,7,273453,2034
-1,0,7,282955,2036
-1,0,7,288111,2037
-1,0,7,293671,2038
-1,0,7,299231,2039
-1,0,8,66107,2000
-1,0,8,65893,2001
-1,0,8,61004,2002
-1,0,8,61416,2003
-1,0,8,62063,2004
-1,0,8,64423,2005
-1,0,8,63997,2006
-1,0,8,65750,2007
-1,0,8,66350,2008
-1,0,8,61411,2009
-1,0,8,57423,2010
-1,0,8,59754,2011
-1,0,8,62961,2012
-1,0,8,63171,2013
-1,0,8,64597,2014
-1,0,8,66885,2016
-1,0,8,66989,2017
-1,0,8,67197,2018
-1,0,8,67197,2019
-1,0,8,67093,2021
-1,0,8,67093,2022
-1,0,8,67301,2023
-1,0,8,67510,2024
-1,0,8,67821,2026
-1,0,8,67718,2027
-1,0,8,67614,2028
-1,0,8,67821,2029
-1,0,8,68237,2031
-1,0,8,68654,2032
-1,0,8,69278,2033
-1,0,8,69901,2034
-1,0,8,71254,2036
-1,0,8,71878,2037
-1,0,8,72607,2038
-1,0,8,73646,2039
-1,0,9,2424,2000
-1,0,9,2179,2001
-1,0,9,2079,2002
-1,0,9,1906,2003
-1,0,9,1772,2004
-1,0,9,1701,2005
-1,0,9,1819,2006
-1,0,9,1858,2007
-1,0,9,2066,2008
-1,0,9,2224,2009
-1,0,9,2203,2010
-1,0,9,2211,2011
-1,0,9,2599,2012
-1,0,9,2240,2013
-1,0,9,2450,2014
-1,0,9,2450,2016
-1,0,9,2450,2017
-1,0,9,2450,2018
-1,0,9,2450,2019
-1,0,9,2450,2021
-1,0,9,2450,2022
-1,0,9,2450,2023
-1,0,9,2450,2024
-1,0,9,2450,2026
-1,0,9,2548,2027
-1,0,9,2548,2028
-1,0,9,2548,2029
-1,0,9,2450,2031
-1,0,9,2450,2032
-1,0,9,2450,2033
-1,0,9,2450,2034
-1,0,9,2352,2036
-1,0,9,2352,2037
-1,0,9,2352,2038
-1,0,9,2352,2039
-1,0,10,27611,2000
-1,0,10,29087,2001
-1,0,10,27149,2002
-1,0,10,26093,2003
-1,0,10,26618,2004
-1,0,10,24676,2005
-1,0,10,22992,2006
-1,0,10,25078,2007
-1,0,10,24145,2008
-1,0,10,23908,2009
-1,0,10,22920,2010
-1,0,10,22145,2011
-1,0,10,21457,2012
-1,0,10,20462,2013
-1,0,10,20740,2014
-1,0,10,21812,2016
-1,0,10,22104,2017
-1,0,10,22298,2018
-1,0,10,22493,2019
-1,0,10,22785,2021
-1,0,10,22980,2022
-1,0,10,23272,2023
-1,0,10,23564,2024
-1,0,10,23954,2026
-1,0,10,24148,2027
-1,0,10,24343,2028
-1,0,10,24537,2029
-1,0,10,25122,2031
-1,0,10,25512,2032
-1,0,10,25900,2033
-1,0,10,26388,2034
-1,0,10,27362,2036
-1,0,10,27945,2037
-1,0,10,28530,2038
-1,0,10,29212,2039
-1,0,11,55088,2000
-1,0,11,57690,2001
-1,0,11,54971,2002
-1,0,11,55677,2003
-1,0,11,57190,2004
-1,0,11,59800,2005
-1,0,11,63614,2006
-1,0,11,66594,2007
-1,0,11,68779,2008
-1,0,11,70516,2009
-1,0,11,68710,2010
-1,0,11,71599,2011
-1,0,11,75496,2012
-1,0,11,75850,2013
-1,0,11,72834,2014
-1,0,11,79455,2016
-1,0,11,81792,2017
-1,0,11,84324,2018
-1,0,11,86563,2019
-1,0,11,89971,2021
-1,0,11,91238,2022
-1,0,11,92601,2023
-1,0,11,94158,2024
-1,0,11,97177,2026
-1,0,11,98346,2027
-1,0,11,99514,2028
-1,0,11,100877,2029
-1,0,11,104090,2031
-1,0,11,106135,2032
-1,0,11,108472,2033
-1,0,11,111101,2034
-1,0,11,116846,2036
-1,0,11,119865,2037
-1,0,11,123176,2038
-1,0,11,126973,2039
-1,0,12,104377,2000
-1,0,12,103055,2001
-1,0,12,103693,2002
-1,0,12,107923,2003
-1,0,12,110167,2004
-1,0,12,109092,2005
-1,0,12,111749,2006
-1,0,12,110970,2007
-1,0,12,108010,2008
-1,0,12,98960,2009
-1,0,12,90678,2010
-1,0,12,88763,2011
-1,0,12,91756,2012
-1,0,12,94189,2013
-1,0,12,101196,2014
-1,0,12,106825,2016
-1,0,12,108502,2017
-1,0,12,110082,2018
-1,0,12,111365,2019
-1,0,12,113044,2021
-1,0,12,113637,2022
-1,0,12,114723,2023
-1,0,12,116105,2024
-1,0,12,118770,2026
-1,0,12,119955,2027
-1,0,12,121239,2028
-1,0,12,122720,2029
-1,0,12,125780,2031
-1,0,12,127557,2032
-1,0,12,129631,2033
-1,0,12,131704,2034
-1,0,12,135752,2036
-1,0,12,137924,2037
-1,0,12,140490,2038
-1,0,12,143255,2039
-1,0,13,206118,2000
-1,0,13,200556,2001
-1,0,13,191665,2002
-1,0,13,190610,2003
-1,0,13,194944,2004
-1,0,13,201509,2005
-1,0,13,211100,2006
-1,0,13,223610,2007
-1,0,13,230198,2008
-1,0,13,220063,2009
-1,0,13,208431,2010
-1,0,13,211707,2011
-1,0,13,229007,2012
-1,0,13,235047,2013
-1,0,13,282685,2014
-1,0,13,309292,2016
-1,0,13,316734,2017
-1,0,13,324583,2018
-1,0,13,330496,2019
-1,0,13,342423,2021
-1,0,13,347826,2022
-1,0,13,354044,2023
-1,0,13,359243,2024
-1,0,13,369539,2026
-1,0,13,371578,2027
-1,0,13,374840,2028
-1,0,13,380345,2029
-1,0,13,394617,2031
-1,0,13,404098,2032
-1,0,13,416331,2033
-1,0,13,429787,2034
-1,0,13,458025,2036
-1,0,13,470972,2037
-1,0,13,486263,2038
-1,0,13,504612,2039
-1,0,14,115462,2000
-1,0,14,113815,2001
-1,0,14,110658,2002
-1,0,14,112367,2003
-1,0,14,117052,2004
-1,0,14,123180,2005
-1,0,14,129066,2006
-1,0,14,133461,2007
-1,0,14,132263,2008
-1,0,14,122841,2009
-1,0,14,120429,2010
-1,0,14,122857,2011
-1,0,14,134367,2012
-1,0,14,138540,2013
-1,0,14,136600,2014
-1,0,14,145733,2016
-1,0,14,147719,2017
-1,0,14,149010,2018
-1,0,14,150201,2019
-1,0,14,152981,2021
-1,0,14,154470,2022
-1,0,14,156951,2023
-1,0,14,159235,2024
-1,0,14,163603,2026
-1,0,14,164993,2027
-1,0,14,166680,2028
-1,0,14,168864,2029
-1,0,14,174027,2031
-1,0,14,177203,2032
-1,0,14,181175,2033
-1,0,14,185543,2034
-1,0,14,194577,2036
-1,0,14,199242,2037
-1,0,14,204901,2038
-1,0,14,211552,2039
-1,0,15,20469,2000
-1,0,15,20530,2001
-1,0,15,21183,2002
-1,0,15,21637,2003
-1,0,15,22627,2004
-1,0,15,16193,2005
-1,0,15,15782,2006
-1,0,15,17273,2007
-1,0,15,18072,2008
-1,0,15,17329,2009
-1,0,15,17169,2010
-1,0,15,18683,2011
-1,0,15,20256,2012
-1,0,15,20950,2013
-1,0,15,32015,2014
-1,0,15,34065,2016
-1,0,15,35334,2017
-1,0,15,36505,2018
-1,0,15,37481,2019
-1,0,15,38848,2021
-1,0,15,39531,2022
-1,0,15,40507,2023
-1,0,15,41483,2024
-1,0,15,43923,2026
-1,0,15,45094,2027
-1,0,15,46461,2028
-1,0,15,47828,2029
-1,0,15,50854,2031
-1,0,15,52610,2032
-1,0,15,54562,2033
-1,0,15,56710,2034
-1,0,15,61297,2036
-1,0,15,63933,2037
-1,0,15,66958,2038
-1,0,15,70472,2039
-1,0,16,166170,2000
-1,0,16,165054,2001
-1,0,16,170060,2002
-1,0,16,172615,2003
-1,0,16,175372,2004
-1,0,16,181839,2005
-1,0,16,188740,2006
-1,0,16,189113,2007
-1,0,16,192724,2008
-1,0,16,198485,2009
-1,0,16,196762,2010
-1,0,16,203910,2011
-1,0,16,214161,2012
-1,0,16,217584,2013
-1,0,16,234126,2014
-1,0,16,242355,2016
-1,0,16,244964,2017
-1,0,16,247372,2018
-1,0,16,250283,2019
-1,0,16,256504,2021
-1,0,16,259917,2022
-1,0,16,264232,2023
-1,0,16,268346,2024
-1,0,16,275873,2026
-1,0,16,279085,2027
-1,0,16,282195,2028
-1,0,16,285206,2029
-1,0,16,291227,2031
-1,0,16,294338,2032
-1,0,16,297549,2033
-1,0,16,300961,2034
-1,0,16,308789,2036
-1,0,16,312803,2037
-1,0,16,316616,2038
-1,0,16,320029,2039
-1,0,17,120442,2000
-1,0,17,120444,2001
-1,0,17,117994,2002
-1,0,17,121964,2003
-1,0,17,121982,2004
-1,0,17,124526,2005
-1,0,17,125113,2006
-1,0,17,127782,2007
-1,0,17,129874,2008
-1,0,17,125965,2009
-1,0,17,130845,2010
-1,0,17,135518,2011
-1,0,17,141461,2012
-1,0,17,138693,2013
-1,0,17,131304,2014
-1,0,17,131959,2016
-1,0,17,131086,2017
-1,0,17,129996,2018
-1,0,17,129559,2019
-1,0,17,130323,2021
-1,0,17,131304,2022
-1,0,17,132613,2023
-1,0,17,133813,2024
-1,0,17,135776,2026
-1,0,17,136757,2027
-1,0,17,138175,2028
-1,0,17,139920,2029
-1,0,17,144391,2031
-1,0,17,147227,2032
-1,0,17,150499,2033
-1,0,17,153661,2034
-1,0,17,159878,2036
-1,0,17,163149,2037
-1,0,17,167075,2038
-1,0,17,171438,2039
-1,0,18,169502,2000
-1,0,18,177531,2001
-1,0,18,179884,2002
-1,0,18,181695,2003
-1,0,18,182506,2004
-1,0,18,182607,2005
-1,0,18,183306,2006
-1,0,18,185011,2007
-1,0,18,191876,2008
-1,0,18,194577,2009
-1,0,18,194633,2010
-1,0,18,192443,2011
-1,0,18,193556,2012
-1,0,18,190829,2013
-1,0,18,192074,2014
-1,0,18,196625,2016
-1,0,18,197743,2017
-1,0,18,198319,2018
-1,0,18,198550,2019
-1,0,18,197804,2021
-1,0,18,197124,2022
-1,0,18,197107,2023
-1,0,18,197361,2024
-1,0,18,198146,2026
-1,0,18,198277,2027
-1,0,18,198397,2028
-1,0,18,198487,2029
-1,0,18,198823,2031
-1,0,18,199258,2032
-1,0,18,200000,2033
-1,0,18,200915,2034
-1,0,18,203012,2036
-1,0,18,204262,2037
-1,0,18,205955,2038
-1,0,18,207873,2039
-1,0,19,84856,2000
-1,0,19,84282,2001
-1,0,19,87633,2002
-1,0,19,88542,2003
-1,0,19,88824,2004
-1,0,19,95515,2005
-1,0,19,96080,2006
-1,0,19,95710,2007
-1,0,19,100525,2008
-1,0,19,99188,2009
-1,0,19,97746,2010
-1,0,19,96703,2011
-1,0,19,98019,2012
-1,0,19,91444,2013
-1,0,19,90013,2014
-1,0,19,93118,2016
-1,0,19,93939,2017
-1,0,19,94237,2018
-1,0,19,94872,2019
-1,0,19,95892,2021
-1,0,19,96271,2022
-1,0,19,96958,2023
-1,0,19,97666,2024
-1,0,19,99385,2026
-1,0,19,99927,2027
-1,0,19,100481,2028
-1,0,19,101062,2029
-1,0,19,102265,2031
-1,0,19,102891,2032
-1,0,19,103599,2033
-1,0,19,104618,2034
-1,0,19,106103,2036
-1,0,19,106886,2037
-1,0,19,107811,2038
-1,0,19,108801,2039
49,-1,-1,29623,2040
49,-1,-1,28252,2035
49,-1,-1,27346,2030
49,-1,-1,27144,2025
49,-1,-1,26244,2020
49,-1,-1,24498,2015
136,-1,-1,192,2040
136,-1,-1,150,2035
136,-1,-1,108,2030
136,-1,-1,72,2025
136,-1,-1,39,2020
136,-1,-1,16,2015
135,-1,-1,35,2040
135,-1,-1,35,2035
135,-1,-1,35,2030
135,-1,-1,35,2025
135,-1,-1,36,2020
135,-1,-1,36,2015
130,-1,-1,1109,2040
130,-1,-1,879,2035
130,-1,-1,659,2030
130,-1,-1,461,2025
130,-1,-1,287,2020
130,-1,-1,181,2015
126,-1,-1,717,2040
126,-1,-1,663,2035
126,-1,-1,620,2030
126,-1,-1,595,2025
126,-1,-1,562,2020
126,-1,-1,521,2015
127,-1,-1,2263,2040
127,-1,-1,2090,2035
127,-1,-1,2017,2030
127,-1,-1,2034,2025
127,-1,-1,2011,2020
127,-1,-1,1902,2015
134,-1,-1,8365,2040
134,-1,-1,7419,2035
134,-1,-1,6875,2030
134,-1,-1,6727,2025
134,-1,-1,6580,2020
134,-1,-1,6346,2015
108,-1,-1,6173,2040
108,-1,-1,5528,2035
108,-1,-1,5045,2030
108,-1,-1,4780,2025
108,-1,-1,4505,2020
108,-1,-1,4232,2015
119,-1,-1,5,2040
119,-1,-1,5,2035
119,-1,-1,4,2030
119,-1,-1,3,2025
119,-1,-1,2,2020
119,-1,-1,1,2015
125,-1,-1,391,2040
125,-1,-1,335,2035
125,-1,-1,293,2030
125,-1,-1,268,2025
125,-1,-1,246,2020
125,-1,-1,232,2015
103,-1,-1,5546,2040
103,-1,-1,5078,2035
103,-1,-1,5071,2030
103,-1,-1,5239,2025
103,-1,-1,5336,2020
103,-1,-1,5337,2015
99,-1,-1,223,2040
99,-1,-1,208,2035
99,-1,-1,196,2030
99,-1,-1,190,2025
99,-1,-1,182,2020
99,-1,-1,172,2015
121,-1,-1,800,2040
121,-1,-1,783,2035
121,-1,-1,777,2030
121,-1,-1,794,2025
121,-1,-1,802,2020
121,-1,-1,798,2015
132,-1,-1,7598,2040
132,-1,-1,6684,2035
132,-1,-1,6027,2030
132,-1,-1,5650,2025
132,-1,-1,5246,2020
132,-1,-1,4791,2015
102,-1,-1,7017,2040
102,-1,-1,6343,2035
102,-1,-1,5862,2030
102,-1,-1,5620,2025
102,-1,-1,5326,2020
102,-1,-1,4966,2015
104,-1,-1,2251,2040
104,-1,-1,2118,2035
104,-1,-1,2056,2030
104,-1,-1,2081,2025
104,-1,-1,2091,2020
104,-1,-1,2069,2015
107,-1,-1,1077,2040
107,-1,-1,1067,2035
107,-1,-1,1072,2030
107,-1,-1,1107,2025
107,-1,-1,1127,2020
107,-1,-1,1129,2015
122,-1,-1,563,2040
122,-1,-1,472,2035
122,-1,-1,403,2030
122,-1,-1,357,2025
122,-1,-1,314,2020
122,-1,-1,275,2015
133,-1,-1,17,2040
133,-1,-1,16,2035
133,-1,-1,15,2030
133,-1,-1,15,2025
133,-1,-1,15,2020
133,-1,-1,14,2015
117,-1,-1,12,2040
117,-1,-1,11,2035
117,-1,-1,10,2030
117,-1,-1,8,2025
117,-1,-1,6,2020
117,-1,-1,4,2015
109,-1,-1,9495,2040
109,-1,-1,8628,2035
109,-1,-1,8027,2030
109,-1,-1,7752,2025
109,-1,-1,7401,2020
109,-1,-1,6949,2015
118,-1,-1,293,2040
118,-1,-1,287,2035
118,-1,-1,287,2030
118,-1,-1,293,2025
118,-1,-1,296,2020
118,-1,-1,295,2015
137,-1,-1,95,2040
137,-1,-1,72,2035
137,-1,-1,51,2030
137,-1,-1,30,2025
137,-1,-1,13,2020
137,-1,-1,3,2015
97,-1,-1,179,2040
97,-1,-1,177,2035
97,-1,-1,178,2030
97,-1,-1,184,2025
97,-1,-1,187,2020
97,-1,-1,185,2015
105,-1,-1,2187,2040
105,-1,-1,2153,2035
105,-1,-1,2156,2030
105,-1,-1,2220,2025
105,-1,-1,2239,2020
105,-1,-1,2199,2015
124,-1,-1,81,2040
124,-1,-1,66,2035
124,-1,-1,54,2030
124,-1,-1,44,2025
124,-1,-1,35,2020
124,-1,-1,25,2015
115,-1,-1,178,2040
115,-1,-1,170,2035
115,-1,-1,169,2030
115,-1,-1,174,2025
115,-1,-1,176,2020
115,-1,-1,174,2015
114,-1,-1,3251,2040
114,-1,-1,2056,2035
114,-1,-1,1468,2030
114,-1,-1,1186,2025
114,-1,-1,1072,2020
114,-1,-1,1051,2015
123,-1,-1,6114,2040
123,-1,-1,4683,2035
123,-1,-1,4075,2030
123,-1,-1,3868,2025
123,-1,-1,3798,2020
123,-1,-1,3787,2015
112,-1,-1,8939,2040
112,-1,-1,6926,2035
112,-1,-1,6292,2030
112,-1,-1,6140,2025
112,-1,-1,6105,2020
112,-1,-1,6103,2015
131,-1,-1,39,2040
131,-1,-1,34,2035
131,-1,-1,34,2030
131,-1,-1,35,2025
131,-1,-1,36,2020
131,-1,-1,36,2015
129,-1,-1,3592,2040
129,-1,-1,2110,2035
129,-1,-1,1446,2030
129,-1,-1,1124,2025
129,-1,-1,992,2020
129,-1,-1,967,2015
128,-1,-1,1051,2040
128,-1,-1,619,2035
128,-1,-1,422,2030
128,-1,-1,325,2025
128,-1,-1,285,2020
128,-1,-1,278,2015
116,-1,-1,1093,2040
116,-1,-1,791,2035
116,-1,-1,640,2030
116,-1,-1,577,2025
116,-1,-1,552,2020
116,-1,-1,549,2015
96,-1,-1,664,2040
96,-1,-1,562,2035
96,-1,-1,547,2030
96,-1,-1,556,2025
96,-1,-1,563,2020
96,-1,-1,564,2015
120,-1,-1,12140,2040
120,-1,-1,11618,2035
120,-1,-1,11569,2030
120,-1,-1,11948,2025
120,-1,-1,12165,2020
120,-1,-1,12140,2015
101,-1,-1,9912,2040
101,-1,-1,9385,2035
101,-1,-1,9022,2030
101,-1,-1,8947,2025
101,-1,-1,8750,2020
101,-1,-1,8435,2015
110,-1,-1,12458,2040
110,-1,-1,11754,2035
110,-1,-1,11206,2030
110,-1,-1,10971,2025
110,-1,-1,10541,2020
110,-1,-1,9934,2015
100,-1,-1,7082,2040
100,-1,-1,6748,2035
100,-1,-1,6589,2030
100,-1,-1,6650,2025
100,-1,-1,6578,2020
100,-1,-1,6317,2015
106,-1,-1,29672,2040
106,-1,-1,26441,2035
106,-1,-1,23514,2030
106,-1,-1,21263,2025
106,-1,-1,18785,2020
106,-1,-1,16346,2015
113,-1,-1,8189,2040
113,-1,-1,7491,2035
113,-1,-1,6889,2030
113,-1,-1,6479,2025
113,-1,-1,5968,2020
113,-1,-1,5397,2015
98,-1,-1,15930,2040
98,-1,-1,15429,2035
98,-1,-1,15158,2030
98,-1,-1,15339,2025
98,-1,-1,15273,2020
98,-1,-1,14945,2015
111,-1,-1,21699,2040
111,-1,-1,19247,2035
111,-1,-1,17053,2030
111,-1,-1,15283,2025
111,-1,-1,13177,2020
111,-1,-1,10830,2015
94,-1,-1,47674,2040
94,-1,-1,41021,2035
94,-1,-1,36187,2030
94,-1,-1,33407,2025
94,-1,-1,30982,2020
94,-1,-1,28933,2015
139,-1,-1,20217,2040
139,-1,-1,18293,2035
139,-1,-1,17127,2030
139,-1,-1,16804,2025
139,-1,-1,16419,2020
139,-1,-1,15847,2015
95,-1,-1,158823,2040
95,-1,-1,131910,2035
95,-1,-1,115364,2030
95,-1,-1,108366,2025
95,-1,-1,103983,2020
95,-1,-1,100557,2015
29,-1,-1,24481,2040
29,-1,-1,22295,2035
29,-1,-1,21201,2030
29,-1,-1,21295,2025
29,-1,-1,21430,2020
29,-1,-1,21399,2015
75,-1,-1,21890,2040
75,-1,-1,21364,2035
75,-1,-1,20472,2030
75,-1,-1,19616,2025
75,-1,-1,18071,2020
75,-1,-1,16091,2015
53,-1,-1,49011,2040
53,-1,-1,47422,2035
53,-1,-1,46131,2030
53,-1,-1,45858,2025
53,-1,-1,44541,2020
53,-1,-1,42254,2015
93,-1,-1,123,2040
93,-1,-1,119,2035
93,-1,-1,113,2030
93,-1,-1,109,2025
93,-1,-1,101,2020
93,-1,-1,87,2015
88,-1,-1,17307,2040
88,-1,-1,16713,2035
88,-1,-1,16430,2030
88,-1,-1,16543,2025
88,-1,-1,16127,2020
88,-1,-1,15007,2015
74,-1,-1,766,2040
74,-1,-1,755,2035
74,-1,-1,749,2030
74,-1,-1,760,2025
74,-1,-1,755,2020
74,-1,-1,733,2015
90,-1,-1,196,2040
90,-1,-1,184,2035
90,-1,-1,168,2030
90,-1,-1,149,2025
90,-1,-1,118,2020
90,-1,-1,79,2015
82,-1,-1,321,2040
82,-1,-1,307,2035
82,-1,-1,285,2030
82,-1,-1,257,2025
82,-1,-1,211,2020
82,-1,-1,147,2015
78,-1,-1,269,2040
78,-1,-1,260,2035
78,-1,-1,248,2030
78,-1,-1,236,2025
78,-1,-1,212,2020
78,-1,-1,178,2015
142,-1,-1,4268,2040
142,-1,-1,4112,2035
142,-1,-1,3765,2030
142,-1,-1,3299,2025
142,-1,-1,2677,2020
142,-1,-1,2087,2015
86,-1,-1,1908,2040
86,-1,-1,1846,2035
86,-1,-1,1757,2030
86,-1,-1,1675,2025
86,-1,-1,1536,2020
86,-1,-1,1355,2015
141,-1,-1,2301,2040
141,-1,-1,2260,2035
141,-1,-1,2231,2030
141,-1,-1,2247,2025
141,-1,-1,2211,2020
141,-1,-1,2121,2015
77,-1,-1,10454,2040
77,-1,-1,10244,2035
77,-1,-1,10269,2030
77,-1,-1,10615,2025
77,-1,-1,10782,2020
77,-1,-1,10739,2015
81,-1,-1,1495,2040
81,-1,-1,1475,2035
81,-1,-1,1474,2030
81,-1,-1,1511,2025
81,-1,-1,1519,2020
81,-1,-1,1495,2015
87,-1,-1,2502,2040
87,-1,-1,2439,2035
87,-1,-1,2316,2030
87,-1,-1,2162,2025
87,-1,-1,1935,2020
87,-1,-1,1754,2015
84,-1,-1,1798,2040
84,-1,-1,1718,2035
84,-1,-1,1616,2030
84,-1,-1,1511,2025
84,-1,-1,1329,2020
84,-1,-1,1077,2015
76,-1,-1,6464,2040
76,-1,-1,6218,2035
76,-1,-1,5731,2030
76,-1,-1,5172,2025
76,-1,-1,4413,2020
76,-1,-1,3618,2015
91,-1,-1,63,2040
91,-1,-1,61,2035
91,-1,-1,62,2030
91,-1,-1,63,2025
91,-1,-1,61,2020
91,-1,-1,56,2015
92,-1,-1,2506,2040
92,-1,-1,2478,2035
92,-1,-1,2450,2030
92,-1,-1,2410,2025
92,-1,-1,2278,2020
92,-1,-1,2152,2015
89,-1,-1,5242,2040
89,-1,-1,5090,2035
89,-1,-1,5091,2030
89,-1,-1,5254,2025
89,-1,-1,5280,2020
89,-1,-1,5104,2015
80,-1,-1,11098,2040
80,-1,-1,9317,2035
80,-1,-1,8198,2030
80,-1,-1,7723,2025
80,-1,-1,7439,2020
80,-1,-1,7269,2015
83,-1,-1,20077,2040
83,-1,-1,17495,2035
83,-1,-1,15871,2030
83,-1,-1,15229,2025
83,-1,-1,14710,2020
83,-1,-1,14185,2015
85,-1,-1,40087,2040
85,-1,-1,33632,2035
85,-1,-1,29953,2030
85,-1,-1,28767,2025
85,-1,-1,28169,2020
85,-1,-1,27590,2015
79,-1,-1,41391,2040
79,-1,-1,35624,2035
79,-1,-1,31485,2030
79,-1,-1,29312,2025
79,-1,-1,27766,2020
79,-1,-1,26989,2015
138,-1,-1,1203,2040
138,-1,-1,1041,2035
138,-1,-1,1000,2030
138,-1,-1,1027,2025
138,-1,-1,1038,2020
138,-1,-1,1016,2015
59,-1,-1,195174,2040
59,-1,-1,164197,2035
59,-1,-1,141760,2030
59,-1,-1,129242,2025
59,-1,-1,120636,2020
59,-1,-1,116628,2015
63,-1,-1,20472,2040
63,-1,-1,19794,2035
63,-1,-1,19420,2030
63,-1,-1,19589,2025
63,-1,-1,19359,2020
63,-1,-1,18669,2015
72,-1,-1,152,2040
72,-1,-1,121,2035
72,-1,-1,100,2030
72,-1,-1,91,2025
72,-1,-1,85,2020
72,-1,-1,81,2015
67,-1,-1,5458,2040
67,-1,-1,4202,2035
67,-1,-1,3442,2030
67,-1,-1,3100,2025
67,-1,-1,2935,2020
67,-1,-1,2860,2015
73,-1,-1,1695,2040
73,-1,-1,1292,2035
73,-1,-1,1027,2030
73,-1,-1,902,2025
73,-1,-1,845,2020
73,-1,-1,829,2015
68,-1,-1,6172,2040
68,-1,-1,5366,2035
68,-1,-1,4787,2030
68,-1,-1,4472,2025
68,-1,-1,4212,2020
68,-1,-1,4027,2015
66,-1,-1,3509,2040
66,-1,-1,2570,2035
66,-1,-1,2000,2030
66,-1,-1,1730,2025
66,-1,-1,1603,2020
66,-1,-1,1556,2015
71,-1,-1,11478,2040
71,-1,-1,9518,2035
71,-1,-1,8215,2030
71,-1,-1,7561,2025
71,-1,-1,7121,2020
71,-1,-1,6842,2015
64,-1,-1,11186,2040
64,-1,-1,9648,2035
64,-1,-1,8808,2030
64,-1,-1,8622,2025
64,-1,-1,8551,2020
64,-1,-1,8446,2015
69,-1,-1,11590,2040
69,-1,-1,10374,2035
69,-1,-1,9673,2030
69,-1,-1,9513,2025
69,-1,-1,9366,2020
69,-1,-1,9139,2015
70,-1,-1,22931,2040
70,-1,-1,18468,2035
70,-1,-1,15564,2030
70,-1,-1,14082,2025
70,-1,-1,13100,2020
70,-1,-1,12424,2015
65,-1,-1,47032,2040
65,-1,-1,42785,2035
65,-1,-1,39064,2030
65,-1,-1,36553,2025
65,-1,-1,34060,2020
65,-1,-1,32294,2015
3,-1,-1,27576,2040
3,-1,-1,26605,2035
3,-1,-1,26069,2030
3,-1,-1,26367,2025
3,-1,-1,26323,2020
3,-1,-1,25940,2015
46,-1,-1,431,2040
46,-1,-1,427,2035
46,-1,-1,429,2030
46,-1,-1,443,2025
46,-1,-1,449,2020
46,-1,-1,443,2015
40,-1,-1,1740,2040
40,-1,-1,1698,2035
40,-1,-1,1509,2030
40,-1,-1,1022,2025
40,-1,-1,396,2020
40,-1,-1,14,2015
62,-1,-1,3,2040
62,-1,-1,3,2035
62,-1,-1,3,2030
62,-1,-1,3,2025
62,-1,-1,3,2020
62,-1,-1,3,2015
24,-1,-1,71,2040
24,-1,-1,70,2035
24,-1,-1,71,2030
24,-1,-1,73,2025
24,-1,-1,73,2020
24,-1,-1,73,2015
6,-1,-1,5415,2040
6,-1,-1,5286,2035
6,-1,-1,5225,2030
6,-1,-1,5317,2025
6,-1,-1,5331,2020
6,-1,-1,5268,2015
34,-1,-1,699,2040
34,-1,-1,693,2035
34,-1,-1,695,2030
34,-1,-1,718,2025
34,-1,-1,728,2020
34,-1,-1,721,2015
61,-1,-1,92,2040
61,-1,-1,89,2035
61,-1,-1,83,2030
61,-1,-1,75,2025
61,-1,-1,62,2020
61,-1,-1,43,2015
11,-1,-1,8716,2040
11,-1,-1,8402,2035
11,-1,-1,8133,2030
11,-1,-1,8034,2025
11,-1,-1,7743,2020
11,-1,-1,7276,2015
36,-1,-1,0,2040
36,-1,-1,0,2035
36,-1,-1,0,2030
36,-1,-1,0,2025
36,-1,-1,0,2020
36,-1,-1,0,2015
57,-1,-1,46,2040
57,-1,-1,46,2035
57,-1,-1,46,2030
57,-1,-1,47,2025
57,-1,-1,47,2020
57,-1,-1,47,2015
10,-1,-1,340,2040
10,-1,-1,330,2035
10,-1,-1,313,2030
10,-1,-1,297,2025
10,-1,-1,269,2020
10,-1,-1,235,2015
44,-1,-1,1439,2040
44,-1,-1,1427,2035
44,-1,-1,1433,2030
44,-1,-1,1479,2025
44,-1,-1,1492,2020
44,-1,-1,1460,2015
25,-1,-1,2562,2040
25,-1,-1,2479,2035
25,-1,-1,2382,2030
25,-1,-1,2322,2025
25,-1,-1,2207,2020
25,-1,-1,2060,2015
45,-1,-1,232,2040
45,-1,-1,230,2035
45,-1,-1,231,2030
45,-1,-1,239,2025
45,-1,-1,240,2020
45,-1,-1,236,2015
58,-1,-1,5,2040
58,-1,-1,4,2035
58,-1,-1,4,2030
58,-1,-1,3,2025
58,-1,-1,2,2020
58,-1,-1,2,2015
38,-1,-1,3862,2040
38,-1,-1,3762,2035
38,-1,-1,3462,2030
38,-1,-1,3003,2025
38,-1,-1,2339,2020
38,-1,-1,1586,2015
60,-1,-1,8,2040
60,-1,-1,7,2035
60,-1,-1,7,2030
60,-1,-1,7,2025
60,-1,-1,7,2020
60,-1,-1,6,2015
47,-1,-1,109,2040
47,-1,-1,106,2035
47,-1,-1,104,2030
47,-1,-1,105,2025
47,-1,-1,104,2020
47,-1,-1,100,2015
37,-1,-1,5726,2040
37,-1,-1,5101,2035
37,-1,-1,4911,2030
37,-1,-1,5026,2025
37,-1,-1,5095,2020
37,-1,-1,5013,2015
52,-1,-1,72,2040
52,-1,-1,71,2035
52,-1,-1,72,2030
52,-1,-1,74,2025
52,-1,-1,75,2020
52,-1,-1,76,2015
39,-1,-1,2299,2040
39,-1,-1,2056,2035
39,-1,-1,1817,2030
39,-1,-1,1599,2025
39,-1,-1,1321,2020
39,-1,-1,991,2015
32,-1,-1,5125,2040
32,-1,-1,4540,2035
32,-1,-1,4198,2030
32,-1,-1,4097,2025
32,-1,-1,3998,2020
32,-1,-1,3854,2015
1,-1,-1,1099,2040
1,-1,-1,1037,2035
1,-1,-1,989,2030
1,-1,-1,968,2025
1,-1,-1,932,2020
1,-1,-1,880,2015
43,-1,-1,3182,2040
43,-1,-1,2682,2035
43,-1,-1,2540,2030
43,-1,-1,2613,2025
43,-1,-1,2661,2020
43,-1,-1,2659,2015
54,-1,-1,304,2040
54,-1,-1,237,2035
54,-1,-1,176,2030
54,-1,-1,121,2025
54,-1,-1,72,2020
54,-1,-1,39,2015
50,-1,-1,409,2040
50,-1,-1,405,2035
50,-1,-1,406,2030
50,-1,-1,420,2025
50,-1,-1,428,2020
50,-1,-1,430,2015
33,-1,-1,2497,2040
33,-1,-1,2388,2035
33,-1,-1,2360,2030
33,-1,-1,2424,2025
33,-1,-1,2448,2020
33,-1,-1,2402,2015
48,-1,-1,50,2040
48,-1,-1,50,2035
48,-1,-1,49,2030
48,-1,-1,49,2025
48,-1,-1,48,2020
48,-1,-1,46,2015
17,-1,-1,6643,2040
17,-1,-1,6261,2035
17,-1,-1,5987,2030
17,-1,-1,5917,2025
17,-1,-1,5792,2020
17,-1,-1,5629,2015
27,-1,-1,2765,2040
27,-1,-1,2368,2035
27,-1,-1,2072,2030
27,-1,-1,1889,2025
27,-1,-1,1724,2020
27,-1,-1,1584,2015
16,-1,-1,6715,2040
16,-1,-1,5747,2035
16,-1,-1,5509,2030
16,-1,-1,5692,2025
16,-1,-1,5799,2020
16,-1,-1,5819,2015
41,-1,-1,782,2040
41,-1,-1,770,2035
41,-1,-1,757,2030
41,-1,-1,760,2025
41,-1,-1,746,2020
41,-1,-1,719,2015
55,-1,-1,1653,2040
55,-1,-1,1473,2035
55,-1,-1,1308,2030
55,-1,-1,1182,2025
55,-1,-1,1047,2020
55,-1,-1,921,2015
35,-1,-1,2290,2040
35,-1,-1,1827,2035
35,-1,-1,1432,2030
35,-1,-1,1085,2025
35,-1,-1,778,2020
35,-1,-1,613,2015
51,-1,-1,50,2040
51,-1,-1,48,2035
51,-1,-1,44,2030
51,-1,-1,38,2025
51,-1,-1,27,2020
51,-1,-1,14,2015
31,-1,-1,2627,2040
31,-1,-1,2508,2035
31,-1,-1,2492,2030
31,-1,-1,2570,2025
31,-1,-1,2605,2020
31,-1,-1,2580,2015
30,-1,-1,22720,2040
30,-1,-1,20722,2035
30,-1,-1,19000,2030
30,-1,-1,17779,2025
30,-1,-1,16211,2020
30,-1,-1,14370,2015
5,-1,-1,25593,2040
5,-1,-1,23951,2035
5,-1,-1,22624,2030
5,-1,-1,21922,2025
5,-1,-1,20834,2020
5,-1,-1,19417,2015
21,-1,-1,8646,2040
21,-1,-1,7924,2035
21,-1,-1,7550,2030
21,-1,-1,7556,2025
21,-1,-1,7536,2020
21,-1,-1,7420,2015
19,-1,-1,9727,2040
19,-1,-1,9245,2035
19,-1,-1,8895,2030
19,-1,-1,8802,2025
19,-1,-1,8620,2020
19,-1,-1,8440,2015
42,-1,-1,6836,2040
42,-1,-1,6164,2035
42,-1,-1,5635,2030
42,-1,-1,5305,2025
42,-1,-1,4919,2020
42,-1,-1,4488,2015
26,-1,-1,9945,2040
26,-1,-1,8877,2035
26,-1,-1,7928,2030
26,-1,-1,7179,2025
26,-1,-1,6275,2020
26,-1,-1,5259,2015
22,-1,-1,48231,2040
22,-1,-1,41820,2035
22,-1,-1,36950,2030
22,-1,-1,33820,2025
22,-1,-1,30635,2020
22,-1,-1,27389,2015
18,-1,-1,13615,2040
18,-1,-1,11970,2035
18,-1,-1,10526,2030
18,-1,-1,9339,2025
18,-1,-1,8165,2020
18,-1,-1,7415,2015
8,-1,-1,67884,2040
8,-1,-1,62661,2035
8,-1,-1,58565,2030
8,-1,-1,56370,2025
8,-1,-1,53478,2020
8,-1,-1,50053,2015
4,-1,-1,64540,2040
4,-1,-1,56720,2035
4,-1,-1,49962,2030
4,-1,-1,44749,2025
4,-1,-1,38862,2020
4,-1,-1,32589,2015
12,-1,-1,98148,2040
12,-1,-1,88245,2035
12,-1,-1,80794,2030
12,-1,-1,76808,2025
12,-1,-1,72768,2020
12,-1,-1,68975,2015
15,-1,-1,118769,2040
15,-1,-1,110569,2035
15,-1,-1,104575,2030
15,-1,-1,102163,2025
15,-1,-1,98600,2020
15,-1,-1,94027,2015
14,-1,-1,72590,2040
14,-1,-1,65265,2035
14,-1,-1,59642,2030
14,-1,-1,56481,2025
14,-1,-1,53204,2020
14,-1,-1,50064,2015
7,-1,-1,89272,2040
7,-1,-1,84255,2035
7,-1,-1,80483,2030
7,-1,-1,79253,2025
7,-1,-1,77118,2020
7,-1,-1,74365,2015
20,-1,-1,50444,2040
20,-1,-1,46405,2035
20,-1,-1,43036,2030
20,-1,-1,41035,2025
20,-1,-1,38691,2020
20,-1,-1,36374,2015
23,-1,-1,21079,2040
23,-1,-1,19455,2035
23,-1,-1,18101,2030
23,-1,-1,17251,2025
23,-1,-1,16093,2020
23,-1,-1,14689,2015
28,-1,-1,20476,2040
28,-1,-1,18527,2035
28,-1,-1,17395,2030
28,-1,-1,17140,2025
28,-1,-1,16819,2020
28,-1,-1,16273,2015
2,-1,-1,70413,2040
2,-1,-1,63814,2035
2,-1,-1,58222,2030
2,-1,-1,54249,2025
2,-1,-1,50042,2020
2,-1,-1,46960,2015
9,-1,-1,750543,2040
9,-1,-1,692074,2035
9,-1,-1,651326,2030
9,-1,-1,636639,2025
9,-1,-1,619582,2020
9,-1,-1,602277,2015
13,-1,-1,207214,2040
13,-1,-1,187177,2035
13,-1,-1,172037,2030
13,-1,-1,163955,2025
13,-1,-1,155393,2020
13,-1,-1,146942,2015
